track_id,track_popularity
2f3WDwXxejHffLD7UNS53B,0
6EZbZORN2AfvPbBqOCVwq9,27
6Yis2VwVcABCNVEutLgAf7,54
0WSjVLITbxV6kVXndziQDm,66
3m4vB0q02q4xvBenENEkLw,45
0Xz3DTcdZI01mjKfNZrsC1,1
0MVX5xKgWP77Qtvs72gKSG,0
7ojioEXLKrIQfXP2yucoi7,32
0yHOOuKhe57iSzS2TbxSKN,42
20Q0qLW27rm9Pq2pO1bwzK,53
77eYKxdR0CDNZPhvbHxdUf,52
5vWbWdmyqkLJaOm35phvI4,31
0beDebqQXOwcB9vVxHNXpp,0
0ZHWDL65IDN2sZQugFc6PV,0
3XWVTJyqhr9R8mblP0a1an,0
24fdXM8HLxcim9YwQIKrha,0
5KNL7fdDr1ouo3fg9WrnI7,0
5zkwxlMBoB54mVEfYDthpr,0
4244QYRT9LoYWgTcSyqn3j,0
2l61clqYFYb45B5Yr3nEvQ,0
0dBisL8wLIL89gyzOpHyYV,0
6XxSMvynG2H9yYpvErIFvf,0
1uzd0TxJ190w2TuRm2e5hP,0
1d8wPh7HwSZs4uDMQoeW8F,0
5uSUD9mYTVAcxOr0y95Rk8,0
11HuR1B6pxxEckAvwQTpYc,0
4XzxkvIxyQEZjPNwvtSkO1,0
1YkfmOdaohhFJkCdA3Ix0r,0
09r8YtOvqWAEdpWcJGnzT1,0
2idwuN0c9fSVnOZi3o8xhj,0
1yF3umIz7AeXn2P1bBsg3z,0
75mj5Qjf4kYFqho3Dusaxe,0
5nieWhdPvbkmBTRJWJWzW4,0
79pRu1D778cu9IJ3MG4nVT,0
0eIy2FGcdMJDewVL96R9ha,0
13ayqVFnivJrkVRav7t8d3,0
5UzPKFSNzSDECyZp1L8h06,0
25nHhBVmDmNHWk4rfXhksM,0
3QGGitnEBeHBWA3ykgdMsf,0
7Grf3PB2BWVWsrhW47hwsK,0
5KWnJWNZWmXiCYwJnMZltp,0
1rV6NmBjgjhPX1nwy50SNo,0
41ksghOPftN3m8UBPiM8Eu,0
3Ef6Ea1wYDqA0TdBL0LZWE,0
7iM5QYDBQ6hC0CKUpNgkX9,0
7FGkn6n3yIVyqmx9LUDv7T,0
3PBZIkGHAUZXuJ7t6ewRyp,0
0ZFwhcWziYoDmbD7X1HprG,0
506dJMMkoPkz92gynWj0pJ,24
0Gc1AVYqYOR522Nvz68dsT,51
2RTDwuOYrdVrfest9QVLlP,0
6AE0G24YXnDyEgE4L0efpB,2
3Kl3b2oW6BIQ1yehBpGNi0,0
2NfGnOgsGCDj6nPWblgKEc,0
26UkElAazA0LQQs0auxh4x,22
60bhhX6Jxyldf26yuQKfnP,0
39JXKlaBNWl5WrXgjq7jBM,25
0zaaWhjBOtcxaTFvhL6znM,0
6nn6GW5dMrdx2wYRmHmfyL,0
135TYaJ0WsivC2Zk7MEX4Y,0
4NRyVCNxLelhs9ZqRzbjjp,0
30DsuDsNq26rCn30NNzoH6,19
12ZQdr6Ir1x6QByyPdJg9W,0
0lX98rC2JdfRwV9l27cac2,15
5AdIEMVaS9pZEE6is0mdqm,42
56xFEo61VO28nrT1MVPHoB,37
5ScnlX18hRpXLKDsjk0jt1,27
78HGVRo9dZj1KUyLi5RPQW,0
72hrPQygnPJ1z0iTzdTGjd,19
5HZQipw98poTN9zRpZIkQO,22
6So96i2czMaABVTpeClGc0,26
6jmTQwFzejCurofZDz7x9k,44
4GwXdVLueKZ8YhYjZmWtYh,56
25dl9vcAJ9F6D6K35I3Nbw,0
45j5Qj9Zv329jaT4qO22MQ,0
5M9jOReAKGZ2AttVefFjTY,64
0uvFFLI3Z6zidLLUsHDVVk,43
2bd7KLt028ssKE0K0WYWXl,0
4X2G03Zzmt92UBwMaj5Qad,0
54fgYLd9UtdPZVjx548Ver,0
1xMLthTaWJieT9YGV1hyS5,2
5c7UATnb0XfIbyIHHfgIMb,0
0FN86CgJpiYHivPZ6ZlNm6,0
7aCZfs36tXkWVFItKHNGcE,0
6IXICze5FgtxDC4k8lXV1p,0
7yz7xxHAG4ChgrSeMvIXIo,0
4H63ey6mUOBfAu0KQ3qpYD,0
76Csg9kMXlVY4mjKtohf3e,0
1ghUWRA4BLzCVBpzJhbN0m,0
2ASx7GNCypmXa7IiKILPwh,32
7DcY0SUvSIcIjHeSGhTXDk,0
0vRvoOEUTabrQNmqUCD5Uw,0
56yBx8FsSMusloE6IiaLDR,0
62FheCbeT4N5PPKmFD1g4m,0
2X0q5QBDUzwLa7O7AwWBzQ,0
3NaPSOqHccC4WalcqvORT0,0
06dT0EYXrhRQV1MsvWhNGv,55
7dFikRPQuLFz4PdCw4ZvCy,41
7qfwcqfGOkQYtzjF4UzJHM,59
1CYAEcbhLAluTm47dIFFgZ,0
3xcMEY6lVtFCJ5kLf9mFNK,39
3TuVVHeIC7rxINHJBsOA7T,14
09okoLt0vlZKhRVv6y8NVo,31
5vQIaNoKsT4xkG1j2KFBFs,0
3qercJ2Z0S5wz6p3rjrQog,0
3ActcmE8M7DpBHQiRFSx5G,0
3LRS7RDo5pDJ9OvfG0vTSC,0
5zwBmW0IbXpIA84cVHDGhe,1
4kPBncgyAQsrNozmB10ntb,0
1Pofof4ZYVI6GDM0IFGvBk,0
2TcZ05FR0xQWZOaFWyRWUt,1
6jKf2iGv0L8M5EhLbK4Aqq,0
5RVE3ef6pf6bkLRFFv7cfs,0
64BbRFQBFPpSKhmCZ5w7K1,45
6z9TiMU1v1HCIepcbhvObg,0
1yInsvKbKrDHP59jQRhjKP,0
138r3KZpQTolaujmTBuqlY,0
6xt95LFkU8fAQr3CK4lpC9,46
6MFzvkEysiwDXYTa7MKUvJ,0
1AdfHX1DE79Q6walr15N7c,13
2qacsajvpSVl00advUfKk6,0
2F9zf32Q3DFz977NmSt58Y,0
5T3xR4qk2OuhwnAOruVtjb,0
0OMDKEBXtmcIyTcscdF8In,0
3FEIHrvozka55YwndaE2zt,0
6PkR25HfP4DNYIzN0riPOq,0
0WVr2fYd4YOitZgQHTDjUY,0
1ZoHuLxbQho7N5ioKA6Hx1,48
7qf3VKqcN2retPfpdMGHNu,0
1WVZ7YYgdEIhGNFRWD3ByJ,0
78n4IgM3AXMcbKydAwSJsx,0
6r7FXNO57mlZCBY6PXcZZT,65
3HYBhApBLEAaWaAIbDJa3i,0
2LeF2hl1xpBpPyjvv52rPl,0
6xpCGpxVoE47e2nyAIAZFn,11
19ElL1YUfU0YGw6eh8mS1F,0
1bgTKf3PAKmxfS24pWXGEC,8
5iOtXGMVHXyLuPAOFFUfNC,14
6ulV6BN8zJe3t9JyvaEAsT,40
6P3QCCBOx9mMGCKr2RAZgc,0
0kKJa4YVYjAclqRO7J99xK,0
00vtorKibdqs6d1yZ9jR4Z,0
6JieX6GcqcsXtaKK0OewXI,17
2QWgR1EmEBT15fkRW9DLB1,32
3timLnS1O72NzeRj22KrFd,22
4BBwIFMheBRBA0KO3iAfhh,0
5V3Yxw8MxluBjFnvxz6TM1,0
0NSHFVRsifouetxcWGANe0,5
4aXj0jtBCoVgzK0llKsgqy,0
3tGXyqBOXkjyo3Khr5oX6d,0
1pJ41kt60x9ddrOJJ7X450,0
5TkfpxFkwl8MU8WvsqkyxJ,24
0Gf8gr57EfMJk2O13HtnGb,0
01hobHgoxkvyVPr2oNPORv,0
1GPRHgVXzRfzoc44HEZZQI,27
1JHEBveDI5FWrRskRLzCUx,1
17dzcc3DPZOoW4mtq1r1Dr,0
70gUpEnhuX4OxklDsYewHY,30
0xiDZxhWDGSP6eUKdhs6jx,29
46A3OWCRJbZJkRtRRjH60k,0
1w1s6WpKGg4wyLRvyipczX,28
1rpwvGaKBRjbHna3HKWGPv,20
5ZjrQ1fDtFYE9ptSgMgF5d,15
6yokMuYTj4wBwOES009sz1,37
5v98VA4TXznJNrw0XRphIb,58
0XS2z0E0ox7F4JHYKKR4wK,41
4Jy66maS3S28nJcQcXbmb3,0
1UTXQrmAL4oladIwc1PWSh,48
5bcHlqZXPLNZu62cMbaCnU,24
2Edz4vZJqYFlHVm5hgX68N,10
1CGuP5K5NdgKYeCCKtKdGB,0
1dcaJ3vOelzh4xYAWiEFbQ,0
2fOE8Eesjf5Ld1LznCwv6S,0
7MwoGAOLI3MnEC7mGFOYcW,39
3PDWPFwYvEGlgcAgDP1ZCs,40
2ZQoWJMqk09UpAQt2Z712U,31
0zKuAg0BwQjD7V0U6U96g0,18
6EXl6ZF6rXm6qCsKeizJ1b,0
2BmSJT236U5CVuVrgLjBDJ,1
5BHQgu6s6GAN6Jgz7UmTJL,2
7G9gZnOXPqmOHRi05wszac,0
3oJkJtQFOmpwSl9RuIXsA7,3
3N8end87tmNpJ0G1BtSugK,3
1vAtqYnyO6EP4D4m8tJET2,1
2mxuLYy8fkb90wBiH9E8qa,13
7JHdotEeGSIbtFuo4dVvsC,42
77BDJDKKWm11KXQh0Sv4Jf,39
3glpIWHHvA0MgWnzB0mXqX,28
7AONVEvccjm7r8hkFIfOuO,12
0wnYyajXGbkkbNLWDSVOj6,11
6sxPpL5WehUjoxQ0o5hf6w,38
04ru45txpYrAEUE4wc8V33,1
4bTXlRMCRFwDAqt8QEZwQW,9
6mnwo0wXF8ZdY6ZmCptG5Z,17
1FoMWISq2KNqKappkrG5Yo,18
0NA3qmF7whDKExwYa6V7WD,35
5HCMxtjQaeLrNQOT5qRksq,37
611dhtlcaJCE71pKHyNdqV,23
7ArKCOAvU9b4gPBdeIj9iV,0
54oBcNRInIMsbnmH48BKAG,21
02SYyUomra8IVpvSqNWR5s,0
6Rsml9T9ga6bMLOQFaIb0h,11
7wwPEzbeJOR8oIkIIRcY7D,0
1gQqdDjcGHtmSfPaKrBB7j,0
7CDRaqIaJYJoxa4tlhcihh,13
4Azb15zKz9Gz3BUMoTnyDI,4
33fQvV0TrknVsH71PxbbOQ,23
4DtAbMuUptQ5Arj17kkNVb,21
40UbcJWyWPqOWFvv4Dpvfc,34
1hvIHTTJfxidaT0OUCtcYa,23
77TREPmAx47En5ZuzieLCw,27
223eE5VXGwB822AeZppRKk,8
2mLHXfxxtPS4lAp5HirFyr,4
2xLBfyAOFlBiuzdIh97FqO,16
0bcmVfGI69duX7Vy5F8Kta,16
6dwVoXGSsQ1TTL5aw987pi,44
4KxqlCJNjBNwsmgzLFy3Is,41
7a96fFFOb0rktcJJ1jG8AN,10
45GtpfaI7fg7mSZBQTNJss,32
1qtRzY8ZFUZE0gQPnsHFK2,3
3PVpKa7dXMPpm7sh0ETH7Z,17
5NrgTVSCaBpqJu3Tg7BU6v,5
0cZGbSrqRJ9BQF0wduo4qJ,23
5jmyckW7sSzXcGrP1AI1Zs,6
00Gu3RMpDW2vO9PjlMVFDL,17
1OPesDeQCt3Od0lXxIwmsH,9
0yTzy8hWBrN0rLlM7oUF7L,27
1rxFqPtriV25MxPFEv0hOa,18
726eK39u0CnsEGAcA3GYaF,26
4kKkUSAvAoea2fQxKUMphm,34
3UaStdVN7y9A6ktTmkFDTk,23
2kLEHA4jUbmjpDWfSEOKv0,16
6K9mYu9CqFL6gdfzVFgVC2,14
2106G7MY2XnVyqij2bJVGH,30
34nVVG7Jm9pfvvumx9LFD4,36
116uqdetf6JQtnnlYsyBfa,17
3XfPeYzqFs37S6L8F6o7Su,9
18t0s1izyRlwXz4H888Sse,14
49tOSVId63sH6jZyyKnP61,18
0sfgF2kM3yrZbkLmAbjSo6,45
2cmXJOVYxxjOTfvVbc6FGb,13
2dFgoTT7OLH75PgeGenC8G,20
1jTKIuhvCHygnnY4QnUvyv,52
0BdAvd736NPBMWs6ayzQ3C,0
4OpPtBlAU2ayk7rS0SyxlM,0
124SKRPqmogaZQ1XR7eomR,0
5tEQAPqtgC8aCoZcyTDJoJ,36
76fqWMe0buqQoaNTIbLWmr,1
0vZCG0H9KhtU7K8MEUVAoV,67
1RvvmMV9IFfIChCMvt6Rdq,0
1oWQ8tQnoJTXQsn1Il2uMX,0
5b609utxJvgrzLG4Emo26f,33
1rEE9uPXdjBNa35RNPtJb3,36
4O2gRMLAIQYHXe25wjeTFj,43
6GCJDM58eE02M06FJDLlYp,40
6juBxRmmMJRiX2NclfhDhI,0
6wwMooleU5O4bEKkA150CE,0
6XtFdeO2jvEYWZ7ixZ2zBN,42
3exfZvhswhrX31FZKj3N4v,28
2eAnGTLot2MF7rZspl8F3Q,0
0FNtBIL5lHcn7pLV7P6TGv,32
5hvoedbyY9mLFsaxxP5oi7,48
5nKI7U4XDUEQBX4vxUnGWh,30
2XifeT4RLQS1HaqdgiXzd7,0
77zUxseNKv2NpFHso8OE2E,32
6Bt2mVyRQXsO7FeXNq79zr,25
0r3ZNSbuCYjwRlPBMokCbW,0
45uSr9c0Y52412WaU2iyxn,18
5J8hacFS9jbJxxJPbAKrQ3,34
3HxT3kS0NXrqY4C7T0RnOD,24
2Ee4xp5gWMeLavEWHaXe8K,32
5O0N3ZAdaxGaM89UlkGQPB,0
0w339q5XFjT2dRjbxjaUSc,31
3gDopxEZzHHE5Vtri8UsSJ,0
5l3P6VVTsfWGvdH4xVSeHK,44
7cuRgdYlesmnGmVaZwhkda,49
1QxS9R90ukf9T6ukPTu6GC,0
3uLQs2moLebXGnWMHsxmZI,33
0B5GzF48NCJ4ltvBLpVcLi,13
2jXRWBXTj8psGCcXM7MuvR,0
1xEOoCGmv8rotFDo7n8GAg,0
1UPyhGntpIx9jGJ5UVtKVS,2
1pEJwQb342L0x1VAN9wLbJ,0
0oHO4SzupiDdp9OU1hu8AK,25
1Uh5eYzd3Xcco1XnR7CRZf,0
0NZqgkKllQXoFksQLBcEV9,0
2VFptJwvvCJ2B4iQRMi86v,0
05aq7DpG7w3DufVbtbeuz8,0
2LFlu4XDVjO8czYT2pdf3q,0
50Y2iaFeYkqsx5ni5PbfkU,28
6Hx9KYTINDIqXuykRkLTbq,29
0HnV5R4fBuNCoh6XDetQmj,49
6kDtkwN4D9SFo3Rmv2AvKV,30
1H5WimCdM8ipvWdPADYodN,0
2e3M6QB2Ci6TEzbgAHgOBi,16
4Ganul9T2XttkBRYZeZD8w,34
39OZa6fj9NAOQay6G7eWAD,0
0yAsHWv9x1S57wXe7v0QZZ,0
2q6ak3C7lXdsXj50FlPWNq,29
2uKZyaObtvCxXu2W0McZuE,0
3gEaSrF7vC2FhfAARGeCoK,0
1lnXv40bCk2bsc07rmHt1i,0
5yOQ7KQIHkSX4KDvHFIf9F,0
1bIKGbR82P2hDuLc4gE3vY,0
3dbIcvveDU2NdfDa4TNHOh,0
5UCWi63ktWEuhOCapRA7c2,0
1nfhQiGRb0Ii5oH5mS0kzr,0
41w8Ws1CjJUkEUgkDYa0kG,23
4t2TNNBH1AJE4Q2ameb0U1,25
13Ko59GLM46LGgWin54RYK,18
3DvI90KaMY2TPHaFYY4GWM,30
2TmoOuYeG3A6gXVfV9I8la,28
5cImOblhS97lw6MvbPupUu,43
385h9lN4b8sw2qmxpAvTAQ,31
6hKYssNCWuvSFN2L8xlIob,0
030ER2jrXIu5oD5R51v7in,26
7lTIrk4YNIy6fzb19xreIe,0
2OccinWNEPIEmZPkqnLPSR,0
0W6yJKJW8I04iDT6BsINaL,0
2PTGsNUxsxKSkgaCHQRjRA,0
6JYOQ9AM0byHsOvh6hezJl,38
1CT9ebtobcouQw7G9mZ9AV,48
6yk9ZnPd8GNH3IpjtEQ3aD,38
6NlrjHMKSdFxQ1hiMDfXhF,27
0vlZXy3h1sJgrLiMyzhQ1U,20
15tPd1IdPIwBhMn7UByEdV,0
6k69mC6rTHq7fgGHFnk5g3,0
58p19uCI7m6fyLrRozd06q,0
1GfsNRRMT5Dg4DjEYpRa1h,17
4QeBWYbntFiYR5ixupOuFn,0
6cg7xTJ0KnJS59h5RHWZ6K,44
0rfFutR3Bjn6Ux4HHKOvz1,0
6a2CA3DWbpnd1zMnqMca68,0
5iDXwq88XnteAFT6Z8duPm,4
4XBpczMYDeco0RR5MpJFWt,0
6zyZGBI0mUgGGjYzeNf04L,0
2FymXX7f6OlDskukL6mjYD,30
53nM36dTMaZSsQ46TIMgbe,28
27zEfVnApfWASVE3ZGe6DM,15
3ZPaj6I2mWRq8pUZv1Peog,26
7qF4tAE0PF6XJFEor6jQni,0
1qjDzdS3AKkTSCNsEp7mht,29
6tLnjekLODkxkRV4fWRv9z,15
5a8oEMjQ3Fyt6WxNsdNryn,10
3VdMyADuRJPC7WGSNwlZNO,4
1dE08km59Ya16RCgPjq6ya,12
3XGOhHLl0GOSRT6JCRDbiQ,8
4owZgn8PCpafrhBzJD7wNj,20
4fjAzdzjWfavu7U7iUXpx6,27
4TuXnDhBMkwQEDUKuUjXTU,32
733yOf6BYdGuFOgaedo9BK,0
7sL7EmugTVz0IBnK1aJGOC,0
6tgknDU0VMbXILuWixFKKn,36
16P1PlyrHWjWKMHWQtDuDc,6
4tMb4xyEcIORgCNrhR0mIT,16
7GNzwHSSPfnIrlv5KuC5Pi,19
0C9w0WJdckpqR7w0yEWo2i,31
2GNQX05OJdvwDImwx1kSVk,1
7rz3mIyvlvgt2BfqLksxV2,23
5GKnsJWmJ3UEkCLasSRZfU,1
7zWYZS3MmS4YcqkQ02VnZc,35
7f2zGbGUnghatkHLiOSoRf,32
42rreZiHsNiqxhuxfsJdXQ,14
56jG6y5DJmxo67X4qvWTDD,10
4xFj0BQycqb6lG8xoPrVuc,8
5HnAf2RIUvTmLfm75cVCQh,41
7lzZDO0lbY58NTtszwuu35,0
6Q0eXoO7Kdal8oYFnASqpJ,0
4CNSKwiJTxrYCtFIOqVXGw,0
1Rqs8djXPYWYSx24kc40Jc,15
6SGtcOsiv3ELUN1xNYTtPC,0
6pMab0QXnZ48yxPdjuWnFr,11
6Bd9BwwgAxo4xNHprpHTMw,0
61nvh9DyVQ5At1QkjPBE4r,0
1Dc58SLkx9befq6ajSUCrW,21
5MPyPukGFvGBieVn34HdiY,0
2kJ4lqN0EOVFdPDRcT3u3D,32
2N6UDXQuyWF6cf0DMUByj8,0
7At7pljkrkgjwy0utWu2xx,3
6ZrJHdMWYqk9SRz0dKqdny,0
2ZPowUSO18vW87JhJbzO4F,1
1ujHOEfEB9kfobbUHul0vx,17
0lUILcz1rv7jWT1DHV7k1c,0
1udMVCbq7CAvjUbp9LgkPy,23
2hQ6Q9eIPPhHxhInfYuIPO,17
2giazEQyvRYASDqKpOuZlU,19
6G0JFtQ2JZjs5FUitmPIPA,0
7rAqO3adGKe7dU8u8BRW06,21
79qnkEV1yHwepL9gXcHhnQ,0
3E0tluCJuUbRHHRSkqraqZ,26
3MhymzaFcj7bXVJzB0ZJb8,57
2jsn3BSceMAfXb8JGglkRE,0
5IHTBhC8thZdHu2J4YDlhR,2
0DhFYO9XTP3YfkNulfrTNm,30
7a4QNujYPbAReyFik0zK20,23
38d6HehLHsQoP09YJvMtJT,29
1YGLN0PqxzmWd0GnioPmfq,3
64ssaWsRB5o6F8eByUyPr6,0
0XQS5LplyQu8ACZUC2ugOw,0
0nnln4gC5PrS5cgb3BBG0U,2
4HGmG34rGeFn4BsJ2OjBMH,0
5Vl942khIH8hhWQRT6dBMn,2
4frCT4TY1fx4FdsXvVaXdn,13
0RBOI2ouh8uvSlIZllXCsj,20
2NeGckcWOqW0peZr4MepbM,1
26qPaLsgA8i0NR64kxyA89,36
6y2qnOerYccltqScD24oEd,11
5TSC8x1GZNEaqtwC8YsVWx,42
3apKzFhgotJwT7Ic3be1QN,0
7mlCjrg35a736O46QN8jGg,11
3RgOSHo7KYxgqzyTMktJHw,0
51nO9XptljAx7nzYYDFCXe,0
1QcUX0mGQSnbaP0iIVyfvR,2
407qFZsNWbOP8oy49i5pAM,4
4dG7oG2t22Qh5Wp772NP16,4
3rsowaFWaSYKcAu4gx4Tlj,0
0YU17F0BlVXvmx5ytsR43w,69
4yCo1eRj9ZWKcAcXxxztGS,42
2FGui0gGtnMeDPZLH1CRd4,0
2jmbv50W0P2GPIpu2Dc7h5,35
2zGKUEEEtmjWUPJ9ol45b8,39
5Fg9nHQt2MpRvT4IjsnoRR,13
12h53H54ygm7TASaXwPE1D,18
0K0cIlxVrlgGak2jxOYsaI,4
6oZC67hykNymha30UCm0PI,12
3WKkMEXMH6iLAqlI6QeJ6R,0
4ORCoevo6FNLfgG6bPTO24,2
5lFy4eLLPsaMYNKKbNSXVX,16
6nI85iVslnKMiqMwa195Yr,2
1zFwVbJzR6ftrl6soQYXDy,1
7zHrHnVSQwI95FGHewXDl8,47
1xNGSFxSsGY1uS0D0c4KxT,0
6gR8fB54ADmEIPsE4mNk1q,23
30IGUtAQWrJqr7rC4d3uS1,0
3AuvTRlw1TQulraCRTZnKc,0
5gNqUqsAloKP3PrbRIq2BO,0
6MerelTajS2Opd6TCkNcKf,0
57S2YRp4EHw7ERa9SVyjDW,0
3PNsc99BTuCeNplKcWkAlR,8
4jirEQHdBMt94FCiRFR4wh,0
4hK1r0ZE9MzbSvyZrDO2hP,23
7DB3CEV6Qv7ElYjBpsI7mg,9
0AVgswyxPhTPVKFrupJphk,0
5sFnHy3Dvnbu5tFTPDMAuH,8
0Dkiv21G8im9OXLJG34uV8,5
24gRD0yTcDs2DhAydE5qOG,0
0qYOMQlLDMf7mfkMga7Icq,2
72dCtkbMLcE5DvBQXsPxgR,2
6cDcmP5EqNNL4RZZXc9xzV,0
16pKgTQLPNSN54QhL2Cyf2,1
2V45e15vjLDG8FmQFaI6bf,0
2b6ctMfd2ewfU3yRAqkGuG,32
7jjweKNzcOpldFd1jPJjno,33
0GLOqWgT1gzKgLwhYl7h2A,0
4rhWnfTANoQHw60KUJofYf,17
37302iea1sv4gowSYX8h2n,0
3MZLSpFK8nNhkNDlJXwLEU,0
5vAdo5AknCrJtRNVWhn3gT,7
090ms18zjVKStTJbbzYRy9,0
5sYxtT5C8uAzGbplBcjLYB,0
6iYde5kza7y8wJF2Y0ELxY,0
4hszow3YBRAbGGA0WbbR6r,1
5hYr8yRbQLFE20oS7Mi3T2,62
49aRhw57RBNoj4uK3WbJLm,44
3U9yv46nVSn3PkLsVcNIcA,13
2qIOlORAibicgvcVBv992k,0
17zF4zfyb78Cku56d11gkF,0
439TlnnznSiBbQbgXiBqAd,67
2kJsHQMFO7jj2qX3QjPKP1,0
56yR4fVpQl4WX3ymR06Sb2,0
6mngcgYxKtliK5yaUeuZcF,0
1hUORz73sxehm0YzDtmmUm,0
1mYcQvtPBNqhFKMK36Ok0l,26
1klll7GJ9hNi07Bncgqtk9,0
5MSj3WwySmBv0G1YW9JzN8,22
1hgVBma59CCQrYbDj59OIB,0
4CWdxj4u0CfBxnLEeVfVTl,19
2vYw2a2nBV5KofjZcVSanR,4
70yPGzbTX6vrNtMJlHXJuL,13
50cUKzdbOK6tkLnGPrMVlx,5
26rpgVRCdMwOPCqV9GXR8l,7
6Ih5LSwTeKXrhKZ7bG72HF,0
1hAIxZNdHY4oIFgoo48o5n,2
2w5vP5RrzvkwN7XmWqtoh3,0
10PGbbqePbY2wkFqBnP1oz,0
30kHrb12B8Vo5QmRitYbZr,10
4cEVaFPvvKC1RNUykXXndb,17
3Q8vIPzcAUKc3SeQ5UZJiu,0
4KaBSkPRsCjPm5JRJcE8Pc,2
0m7RYdEaL7g5tQBiMlnC1q,1
4y2HJqSTmGtWtPsK4ITKjN,0
2copQv8qMnhA9g9s9HPkG1,0
1cPddt19NC4iXkIXnF7YMj,0
2HtC4lYfNxNcgYFy7KDqcu,0
5g0s5ZgYekBH1sHETOE7JQ,0
2uU48gEJZN8NLe9yOfFavY,0
0ui5nG3bRxEfd9jTODUZAK,8
5fcd5QN3WxsCIqaHpeORbG,2
5bmV95JexNdjuQtOej5T0z,0
4hxJFKmLLjPMqCtXOMgP4k,0
2XjO02pppiExUbCmHyd94m,0
1JVGANJS6vMS83WSHsTiNf,1
4mxfwvkiOj1U30Pkt0R2JH,0
1fTnq6WPOCnJtVEubmO8Ef,0
2vDpz207Odke0J0GZQ5ZUK,0
42ogJkWHXGwSDbr6FQvEE6,2
5MlV6T7v0Q2IyjuIz91XHO,2
0N8gSEgG35cBTf4OV5L7MQ,0
124zAWG7dEMRdA6v6SD0SG,24
3HqKxP5GlOD1AgjCIAdxzD,0
09qFtVeHa9LtuNcWVmA3NS,0
7ggOzeJFupffG6ksRT9rkn,0
3F7LKUuasfyLrNCS1thKq0,39
1Btf78PBD0kzGKAhL7vXTx,1
5nS6nisfuxh2JFBXrtZhVa,1
5jYLEAPRwuDwddqT9tkEuv,0
0IbQYF97U1zJakBsOE13aB,0
1ml3DHDWKMYaAjWy1NI5n2,0
6C6MLXm77V9VH0v27oJRak,42
1ReC9EnMiV32u9T2BDDZOs,0
2LTl57FB0Q8rf8OtuWpl1V,0
3EHC0gnBrhF1HeSitN2wmD,0
3puJ4f4wzYC79XboCfvPWo,0
0n3lXKNCF3Wvvcs7UY66Ae,0
0sZz2oGvYr06dU8n1ICoxE,0
4zQhv8XkDaFnd8NdouX2Gd,0
0sNu1RdkrTUg7qmyOZYLgw,4
6TQhkKtAYF0ThRLNJMQaVZ,4
4AkjmCWP2QODrZ6i7nvxxq,37
4aWw0xhWn9YI5qmmiZwSCG,15
7Jz1NLz3hMWWfcQ1M9M6PS,29
5jIUNFHkHc4QbfGiJ5qaxw,0
55Lv2Fl4UenWQuf2fW0C8Q,0
6ZM4JtlEM2xraDsOKT0olZ,0
3zwakDP44DQ77ZDUKU3l2A,0
2eInlKQuv2NarQXpaNmXbV,0
6zSZI2W8Jg8WCNqKma2tPL,0
5g6QMEXgFeqJpVbhs4Z7Az,0
21NjVoymnUtbrzBoHwIkkz,0
1w6rw61wFJLFGoELmsrTi3,0
7bKWpXmubyw8iJDUsMaRkr,0
7HwWzpUKDvjuWYeQ1Gy69E,0
21AdWM5ynn4KbyqJwglPTa,0
3i4SQvUfK8Un3YkraZwkNr,0
6SUP50TLDdNHA0hc2OjgpR,0
0mQbWiyheXPsD2ucaVSGj4,0
0q7Z447l6zGLWLW1DN29W8,0
4nbwCdtGPC4yZZzNpc2nFk,0
08pZnDQE6sWdAvTxTJ2dCO,4
3vToiuX2Xqi1iMIhsDJn2s,28
61swngFBghaxXM0YT7CDU1,0
4hhDqZgcSUOifI5c1kVOZD,0
7cSkOU3iJxyKqcmDIueU7U,0
0v0QP9W6P1WSVQjH4mTGgo,0
1hcwDzQWN5gU1FUIJL1tZY,0
2rep3dukoRQH9Qm7oFB6tV,0
0eHoJnbBBwhx4A1JFNcENC,0
3XeFCWwUkalXOxGxHYiPqM,0
4beLLMy4u2X6FwLIFakpit,0
2QaPV3T0kcuXFAu5V39Bu8,3
3pmZoy6kJezyBs4vLxYeP4,0
7MabTMP5zJbTESC4N5YYUN,0
7errNtPb7GTDJlFVIYVFQi,0
7ffwUE5hNFgT08tQbemBkW,0
0fhZCjsLPbOFmyozqKk6Kh,0
5CnrGTmN6sIsXjrrQC1hUm,1
0TWaMNid2Vnp0bE1pppcnI,8
215GJ9Y7DkslTbF15hksbA,0
5G704aGDpvefJ6whgkmeR0,0
4rDSWpAyUne0R0ahxAVPl2,0
2wuYCALuiXCSt1qPqFIqzX,0
4NRSxDBD2pfZEKEkI1qC9L,0
3HeUmi9lWcYKqjnx03yYCw,0
7sMIAflSg7fGhuT0XD93If,0
5xLaNp9RlxTOhmpOZtvBdq,0
0K0WsAaCm3wQeAJcPkbm7q,0
0VYQK5I08homNvX8SRS37R,1
7ee1qcg8KKsAXm2dwyi6Ig,0
087zhxfoAGzPjlaGJz2CuR,0
43jJTO4MBgmaRybAaIHVA3,0
2V2yVAi1FuvHP7GIynmyOM,0
4eO9fpVqqswS43IVM8PYbb,25
1tJJv8JkpvtczyYkCnqlwA,0
35ZIuDjEBbhQlDCO6tnYzz,2
6qdcVdo3mz4KUqEB5Vi9nn,0
26oVGThkGYJLmRyj1oio8K,0
2ErFf3uFRFwNEDBumZ4fAM,0
2uBNU3OcfKYTygWZLZHysZ,0
3D4fpxF53q5zVc5lwzBUff,20
3raI0x5bImdDHnwpsbZuo0,0
2Qg0QmSbP5AigkWcmvGR4W,0
2jBycJEWWfEldBWes79yDl,0
6jHR77hmT69znpjFIedsKX,0
7pFll2YRnO9roTRhEMRadx,10
6GNIcpcbeWxSH1TJgmGDl7,0
4CQAOUbUQnKtsnDroEDAHR,19
2tNq73Nsb0wjplJUcm5p1G,0
2T13fabFHPytple2z3Ekhj,0
2PF3H9np1IoKemTxqHnRBY,0
6PKZE1OS5HP1YnYtOPbyf2,0
7xqIIeU1f37bbwPkxpfglp,13
5IBRVy6HlOFsygZhnVUpQY,0
6a2HtT0P2ZbD2oY1ZJFrxS,0
0a9opaQvV5JPQZbgeO1HXj,0
6nXtt4G9RrKVzVZ8Hl1EH1,15
5uDGa3i2YBIWqJAB2MUtcx,34
50OhCsebXohKShtewXIDKq,0
2GayevJGiPkJrGvBtgTjI7,0
4rBjP3PrWdWEdFdTt33H9X,33
1XFHbzTikXks9CsMq4v8Q3,60
4q4kSKYYqNlSnFOmmVfuP9,8
7vSfNlUtDZx4hDtBxSfiDA,0
519wD9zbe3OZI6LYKq1zXS,23
3H7ihDc1dqLriiWXwsc2po,73
3ICrfL9FqmKuyEPTPvG1qm,6
3378ECXVAbsjTMKiimsZp1,32
3vLrTViSGAa4uRG2ZHVL0J,14
13zjOXnLizxUVYpCuELDN6,43
1ta5nAuifIRfWhgxeCtff6,7
2FWbj6BQVuBwIYuQMdiQvQ,39
3mnRb7zMa365CYEpYOwYCz,26
3SJHOdE8dLHAW1cK0REIWS,11
2UwdHc4oh3ipa2sTkJMzPP,34
5TsDlEPb1glxYItHBSOSmu,11
0xxa9BQLqSRA8Il3HKG0s6,12
0RfznPLLDVSaJrdO0tVQJK,12
6fenHIxXuuzKB55wY4WCHP,57
2ciiC9r7QltAlOb8kKYwRd,23
2WXXvinO2ehBBLgw4vDiRe,44
2xKkJIhnmUsGfOPEAc5lIA,16
0HXaObOe6PYjtZNZCwkUtO,29
4AuTqX1uI9Cct2OXhAmXpq,6
40NKYSkaTC4F62QbIVJ8S6,54
6oVdBnv680tlVI6uI40nPQ,17
08s6gVAGNsmTOWDPfjpn6A,21
25IQBivmtfzhosqdhuUFCq,19
5Fprsw03ytbj42dRKPXr7T,13
4lz6RqxvstVbrUGrnKCXY6,17
2JPRzi73qRt1kYSSwQHQUJ,25
5L4ZajxrtcwHfvhmw42cSb,15
4OI4viYLfwLgFa1lEXBHVA,26
264NgKAWb7Q9PwWXtvguaD,42
2qFE3bL7Hrumtqd1sz3y0T,9
470cDultSSCyXLGUUcKCLk,32
3FfWLi2e80rgn2Q02OhcbR,0
1XR9TxhnaRRx9cgGoqf9En,52
3s97xFk32wvL8fqPR8n0IM,11
13EkrNFLx5ceqD6esLo2w6,7
6wic8Jj7oLRmj0Qe2nMgUj,0
4ZI0Q3fXmfCRQ4LBgx1woO,18
03Gu5zrOY4mCq0RSQNELM7,29
6g1VQsGGteeFbJm4IEn3N4,1
0s3RMQJCObJ60jDI9iOzjZ,0
08ty5lPyAfzcRjJcCoY5JS,42
35WEFAhw47XLju1gu40cjT,51
4r2VrD7qlxmCmRnAWE8nY2,33
4a9DD73M93HLGGhSHiIUL1,45
3t2wpXOjT12d41UkqUlfwo,19
4LechpU90lhz0c59csp24T,0
3pxIHepHwqAiSq0hLGjKSC,14
23PCLIt2YU2ycgnSzCxUEN,0
4V9mGYHZ8I3AmDc91Vr0gG,12
6FFGiEHSF7oAMAzhqWxKs7,14
1lr5prHQn7Q766Ix6eGRKK,61
448PQRAGjaaYQ5Vkt6hn8U,7
13RqhzrDhcTTxtiWjk83bf,2
1T9cdWnVpimXjTafO8dAb1,37
4x1TI0SJk0qznDymqsfobz,26
2kWB9IV8EHDOU9EjgxWFrF,60
4evrNUU446ZyjGOAiU7WiB,0
0Vh90yDfWgrYRIGM7ZgWdO,0
07LvBSDjZ9sDM5tAVriVA8,2
5tMECisT5YNddeDfSHx1Db,0
3WcrbwpejAhsJHMRJbcUYT,0
0nmcU4jlq40t7XW5OIhemf,3
0oxXvoTbHgVsVSoP8B14lN,26
7rwWVAldgVU8CtPrxgwItZ,14
4iNdednHl0pO9QqfkGooGO,0
4yiqRnJ7YQYU9jwuMOx1iy,0
5lYMflzwl2te3KnOesm4Eu,1
6Qt3DdV3MSwPqiQ1OQmjWQ,0
3dNFoiUDX98H7wwG5Fv9hF,19
5AVQeLQPELHUS2oEtNdkXW,0
5I5tbamHyzoMnwIiy9tttA,5
7CFuUWWgJoOClMODuL5JLc,0
3oeG4oGINvYfo3oRqKxWfP,0
1dnRRpd7FdSsp9ajC3SQLP,0
0Eid13xQpSGVHV45yOtfIe,0
2SjVq7NWr2qDzy0wLKDWaj,0
3iYCFV7lEcTfSyu1hQwI9i,0
7dObpw7qk6ue3VR7rXknhu,0
4F2cxQVpTUiC7El2hYEU06,0
6Q5KlUpE9W367c8wtQyn8d,1
22f8SFdCOXQI2xRIVl7Y33,0
1f2uRatHMH71z4f7BHEYWq,0
1mwyZ0ujGAsSRImtDC7pac,0
0zX2UJ79RfxXLujX5zs2zl,0
7nV3aBATIajtwj9FK5Gf9I,1
29RfVJ72SbWKI43XXVhJVS,0
5jkQQG5hAC8c7uW7n9MB3E,6
5qXvJfA5xo0j94gqHQ1GON,0
29GJzOuxFqzlyvf6NxoZGH,47
2FtlWywhPzJ9CUYsapUgbP,1
1Atp1LqhxQcYavU3JhUQ8a,1
07KQ3yYHQz6nfx05dLDMY6,3
13WXzcyDj16sjxHjgpcxMS,2
0DLCCaqVukwIVcB2VW3Lsk,0
1QR456HRYCI6gPlikrKrvH,0
0aGw2PXhdjiZdp94APcIfM,19
3z1XUJep7vJEyRVGZTgPRj,19
0katsiKnN2XXffwlIjaz4e,0
3fMZ7k579pNLK1Mx6YKFXB,14
1HTyaQunwA2CXIiQDp3rAC,0
2ZDOmcsZxEtwJ7cYeCoCkv,2
3C1AVDN7xgpRKJc1vNjJiQ,11
4k5H0ZkwUSoSCixjfLklzC,0
7DP3Y8QRSo7ID89shfUZgN,17
7gCqhYGpjVfk8IjoPlyX3r,1
1UfN9HVgr6KNoEwP0PKGoQ,18
7AjnljdL3ecxRkPVsvY68D,18
1Av9i9TKlHFZ5xYL0nz6pp,4
5MrauZ2u7TRdyWcpdZYhI1,30
3DaoyF86S1TK1shhDkAQHu,0
7vBcaCwJwMgQ5ZttvfIpRU,0
2R2e5G7Wo7BIE3wX8HVtKw,2
2RI3G9dVQY38D6IUAX1MV0,24
6WkbpykevvQi312Lez5KXP,14
65lIGCfW59BxcEJnnIOCq3,49
0U0riQO28wPX0rrQJONAQi,34
4w5lF5jrVRKvwihojuDzU4,34
2h97U98Z3AgF7RjKtyW1c2,30
379MRJIfTs6DtjUXL6kjh4,32
48Zk4JAM2sKSHLAWqhuxXc,0
1HCw8XKtTgWWU3JlEUR0qQ,55
7t7oaaj2ZrMgA6evRFZoIh,0
3zf852pgVUpYqQD1FTLa69,37
71bHPfBGCQ6FmJeyvQAEKv,0
5qD4cdCilhaI9p32SeXLW5,6
6dMHdkQmWuDuDltWjBLJBd,51
4gWyyOjrQnkJoZBWdFWsNJ,35
1stV66277oZEXpVilOxJu4,36
4TuNI3WEMyLQAKRMJmcQdA,63
1qZMPmpD1jDcOA7gZ6TCde,68
6N6BTxTwykM2YI06SeL1ap,39
0GDVj31c8AxWXjWFzVFu0d,53
2etXE1dGLhdU9ykVxxYUd6,0
57yeWyaoeTt26p0dlEZukQ,72
4Zz6VnbuykOejSpGOahS4E,12
0mHHOQPGDgDWH5FQRjS9Ib,0
0bxIveXLEDuH8W9fQL9xap,33
5xL84TYVoMCJZc3ZIv50x4,0
4FG9oGzevwKIskBXWhF3v3,0
5l2U8f2VuOCXYS501z4cOw,0
3vTbIcmsS0r8zg2QX4CtKu,29
5Du9saCXYuRkHcj3CA6Her,0
5h8G7skfcPe2Y8CC3CUoCz,0
5dbGrA2QIdjJZpILNzEa9R,0
46DNnFfSzlURooSV1BecAb,0
0XG1n8UW24tmBGxu0B7E7E,0
1Sftcy34zmDZ36l23fXgLX,0
3kL30Pjp90WKuX89Fx5TOv,0
4omZPgQogondtYbp08FNAe,0
20UdW4qyeOmKa9YaOcv9WX,39
0GdOqU9mwoO4xLo9bVA5Yb,0
7ppPVLsLNfHDneQnzZmUFJ,30
6FyIvdHUFc1MAmPI2hUO2W,0
1JYqoqlqzUAAYJeOVlhKIC,0
4d0JSX5Niid4wPVXk3EVrt,0
7xLA7JuahNmSTYqPbL3A42,0
6mNMp0g3zkg1K7uBpn07zl,53
15W8qc8Ok22EJGNwEKhiw9,59
4qrLxDw5yAryyyARvJl5pg,31
0mumE3Rt4JRUJhR7iiPuOH,16
0ycpLQhbAdpRXKBhrXEYm0,20
25WNjqy21XcwXujRMzf5I2,0
3jUOYDU2tmoo08WpeKi82f,0
6wBFBvGb0McH66mjLvMcyU,0
3DHjvvsfjRNeOFG4YIFJhd,0
69qjqHUZYRt04eZMLKyqoZ,0
4BLDq4lVYu48HQSNmFDxJa,20
0sxvPuybHVMwEvCSfbJDM6,50
0qaGri80rAPOcbJi4OyLQZ,0
06vSnlO8lrC5o69qz9fW9f,0
58T6Oz7D8EGQW2fmGpMg5y,0
4XB0xu7PoC5rj8YpHzvo3y,0
7DHX1Ng0V186U2idfFfjGi,49
3Tiw5CxZNBqTnZYg6rcPN4,9
43eEoYZerwCiHaZiMbE02d,0
5USYPC5SrbWbzZgkvscVuV,0
2SSFvQBwsxeazzo7z5l9gD,59
5ScMaEiUXf9BATTbDKNFq8,45
0i5AZhWp6DjoIbafmolfoB,18
5FsERguViYvDGLbOT2E9Pf,0
5rzKWUtELfq8ijj8xdzP8m,0
3FS2e59gXFXrcg7sN2mL5z,0
4hQglEZuHuuzBGmL6sslXN,37
2C1VKdeB8PemX6xJuiVMTF,25
1oy6EH41CdAido7rIuuFzY,1
3RtPRKo0UgtDgEOr0u5jy3,5
1EIvI6qgPxkWrniO11NBj9,0
38ItDFrQLT7gVDCgonZohb,4
5znFetnJFcs6NwKo67xlcK,0
6PMU1fJY4Gly94ZBrkOa89,0
1rHj1DDIycN7O9phZHK9TG,0
28t5vU4KYgFmoLL7x7r4gK,5
656peCkJJuXRcBDituSWck,0
2vFxXXen17GFW3JhmfrOTb,0
3i2YzgregUTKDAPVHz6rBM,0
4l3zoheoF9fswu2UBLDzbT,0
5lV4hvAUWjR9Ix83mBeNVs,0
1uvpBYqVWRYcVD4jWkFrp6,12
7syl3glhOJ9IGXIrWovwYq,0
5nBGSfHdmO6P1UwS3PthWW,0
6Rpz0SNYdbGpBQ6ZUEB3AD,34
3MKQkpRVkcGWiGo1HH5hz4,7
5cv4xpnhCTthBPgViRIzen,0
7zSxnkB1eqbD1u71pH2PY8,35
6F99SN9dlqtPJYBp283Num,13
45JkclsOFLcjJxhHeZ5SK3,0
4FxaRW9mYHzOmApbAPZXoH,30
4tlXeeablQsJSoIT4A86WK,0
0ERjEtEMo9INKMKRC67nUO,0
4WPeb1WaiC7Xvc9XkG3HBR,25
0N7f7kggZBesEYl80W7hiP,5
3u1JcWL1OcJNe6I5P93VyZ,0
6vlcFk6teCDHqUIsH2ey7W,0
5BfleIMgLlfeqG5yqKyHz0,0
0RouOgG8GMOuohgyeCxRFh,0
1ehAFCptpjm90OkQ9S6mAR,0
4YtMhT2Ko6FRwQoWcswYss,0
1C4TdehTs4VbqQXOlIs0js,38
08ke8Wp0DbDbYydgCLQf1h,0
2H98dHwAMJf0bgOgcocO9N,0
2DMBgcvj7IVzTxTNCSmgPo,0
3xIwnKhZxWxKcecqrfXBJj,0
6aGkKCZvKIew9X9N3avtNv,0
3UyZtf5BzjEYFJkIiIipoH,34
6I8gVxB8KT0XyYKnVyarys,0
4n7bEvIWiO1nCSJzOJgnK5,6
1Bs9jRUjt9ct4YBVNGOrNN,28
2Q4XD7mNQQY42PYaLVQTA9,18
3CrMRddVHitl60SPAku9Zt,26
6lR8HfcXsvVYpM4WLzmrNz,0
7qfZTBNZQqvg0hMamrAQB1,61
6IpK5q6d1MEG11USG1JSFf,0
1F9xcExF9W7m5BxTdlJLED,56
1cx4RNSqEUedib8RqetJ0C,0
4GuRZARP6cvOa09JVqYjiC,0
6cAoQBAwXnRaoz1OY0pFvW,15
6sde94pf5Ra5H4yqC5VbZ9,0
7sK7Xyp6OFrFfmnTe9t5Zt,13
6uN0j1LQuYgUEf7SPwSV6W,0
6UJA62VlS7ZaqLzFtu5wuI,17
15F6s4J6eZnI9eS2yWGzyz,11
1PfZtxTVlXOM3hblElxXPC,10
6nNrz3FVlnMRYpD4JeX6HR,23
7gq9Mo03Zr417T2C5sgR03,39
5V5s7nnLtYJ9Sn8LY90V4D,0
13Dei9casjzduvf4khrFkp,0
0EDfSAmfJj8xiTn5hP9UNP,0
4NRt7Eu5mkx77NUAR4TpkG,0
5JGW0KcKi7gJJEMSPfAZ3Y,0
15B7kFheVr038CVWanmOY2,0
29WxVgglSj9uj8VMcvz5se,0
7C97zVkSR26zYXVEsmZOJh,0
1209jg7ahq3yHgb1yJ4PtH,14
7wOYkGmt7CUOnq0aheyFzY,8
3Uop3symAjwE1isIxJyaOP,30
3pl77S4K310Nzio2pHU1qK,0
4wVIF46NDC4URwAPFwlVMp,22
7i8OCYUCt76BjxFPB6bYNY,23
31jPcDIXquz6Z5uf25gwhD,0
0CuH80ZIk4m2OckEJYZ8yY,0
4mrwnWBYoksj2BO4jthsb4,11
0SUXaiVu9lXtP7s5Febb7W,0
5PhjrszvK1n8AtI83fPWVg,0
6rsYw1N6aYJQkops4eFjNq,31
1iOmLEvypLACEMAuFd1kJb,0
3ibroeR6Dw9wsE8lPWJJG0,0
2nrKuDLvgJGmxqPySyKhT2,0
1eeb7X8NjETnaEQRJNGJ3A,26
2D5Fi0jgFCo2kWJ84wAxWb,0
7wicnY9jZDiR6GKXMU9lUX,0
2d0UsAbvuAiCyR4oV6fiOq,27
1H1t63Jv0nX7ayhnoLPIiB,49
4jJpQvBp06QjtcJsSCexQZ,0
3Kmcm8m9i6Be5LuWYgt47G,37
7jj0DeoBVMQrfdQrc9nTg5,0
68a6za8K8hOjUNLsH3LnLs,8
1JMYXWQ8pSkqTAYExkKPT8,13
5sKuVseU4s4Mlq3Qz72W4y,0
5nTVf9dJlysm1TAbuA47qe,2
1tTitAq9hN8pPiVRlejoBw,16
32iD965RO5haquFAlq5jhz,26
2Y6I8OVTgvz1Yuch4oQJcO,44
6aSYLx8FgM3JYo3K5Z3nSQ,4
3rY0y41FwSxFB4qPH2UgXx,4
4x5C2qVSwGVvBeS78FixQp,0
58hjBuGWj43LQ6WjN3ZQAK,47
2HI1I94dCrcEpRamm2W8IK,11
2KDQm7lTUjM1mpCncnp3ey,0
0SfCG1utWyG5qWZE0feV6S,39
4k7WEm5xueRULco1dE0HPX,0
40VX50kHlByBKYWSoa6I5B,50
0FTDvOs2mzgHAqL31PBXO5,0
2jTJ9q2tLYJnElfIkiPwPZ,0
3tuZ9smlgQx7uKaEwQmaA8,12
63ZtaTHM7Cu3JEca5xrWi3,35
13jht6Mw3wN0DubNCW3fbx,0
2gG6XzlJwwv2Sdf7TN7jmh,7
1LIdxF1HjOpbSWOrlVOP79,2
3BY170fzottkAIIIPxk798,19
6vkZlB6ENDJgiDuR88UlaU,41
0gbedKbKjiLj47RCTM94s5,0
6kRvtllePaPrrvftGsi9MS,30
7dnMvKs5b3uo9KX4kcjoOQ,0
6xb3sxgQFEyOZZpGMvyGPo,0
0C3JkwdOOsJipa8q9KLeE4,3
7lhmKq2lFR4PF3PFTQeLDg,5
6qj5IwiYLwiFfWLj191irx,30
0TgSQ4AWBShqMjYww6D8Yf,0
4GCFeGH4ZeFuQIFpbdSpiI,23
57G4O9hcMT15cCYgTEniYq,0
0KC7nffWHaoe469YBAwo3L,19
4uQzfUUpSPtP8378Qg5aTo,0
2ce5n5MpJQgvnAHtmfxS1C,0
0iBGgTRtJU8XEjdRL8ZFQi,29
3yXmslBa2eTtFI2tSXphR1,19
5rTkhUIFPbkqwb99ZA8PW3,13
2SvNvlHAEdfYELO3sCWcKP,23
6eJNHdd3fiCCp0PcAV7i6V,0
7JGqyqdzijtJeqVRhADFZd,0
4WLVepwyIveYwv7uJROc5p,42
7v71Aur70pf46NQIoSQii7,0
08BHXdGEEXJ9ocN49nEEr4,8
6vJFOgEWgVKb4ol7DHW0Tj,0
3D7rcEEifDAaTdeUL7tbpv,36
1mG0wSudoIljGvU5KqVLj8,0
1K8NolvA0wD0zlON81qfc8,0
3VXpezslDycvp4shSrhuDo,0
5LKD8mEriZm3VPt0VmrGz1,0
3ohCpqcw0u2h4zV2ppzV0h,0
7bnqNC0CBeaD09RGUG3FBm,0
4e6c1FAcEv78rAuAQnjh20,0
0uc7vguphIRR98PfMjaQtq,3
64dkTKKNLwbjBuU4xnS2ei,55
0WEVf4RhIrcr3S3ULBrt0T,38
5tkxNImJO0gGcXmKepjaJG,28
1VM6fZXIo7cKftvZwmYRbr,0
7LEAJRQzeI6buHaqrIIcyE,8
09SsJ3591t1ZXM1lbdtki4,0
5m1NC5p6ZsxgpQU7M1pHmT,0
3AVnIi6HvEiHGlIj4c6ok2,0
3jVOB0YwkvVYo8jHmwupsR,0
7KPMoaXQRanQdxnITnAHaq,39
12MqM3S0fTvR6X4Jt1Xvn6,49
5Avr5FEmIcMyLPMIiNMEd8,28
2O9S5fAYQqHUBP4cG7NHst,0
7g4V1MvSEquPXPJ2zN2lbz,13
1T5EJGONAnpiMikThDYNdH,12
16vfZDGVdF2mXCxH2zQ21g,18
0CObIjO1AMb1GUFbDg9u7h,0
2TK4UUeqjb5ZZAEAAxeXRc,0
02hAUjeZHXJSIIJdX4Esmb,0
4PvSXqDZXQYE9lKWaWz4lI,0
5f4kn58RoV6jodUeYGAjjF,23
5Vv4HaQCbjm7Ho7WyDTnPY,11
0ekRt9Sc1ukWhAlyEyksuU,0
5q9WdxTGGk7lXNJap6udJ0,0
2OkU57LVQoynnVyLE1LrPN,0
0cNRa6q0dPjckz3SoDGirO,25
6KAtHNic0deGhGNMaq9oMI,0
1nO67wic65N413c11zKxM7,1
4b6LMzBlyRMnHI1q5j8Zp0,0
6a9MKm9Q03tVUjj0AeeqCx,31
2znzyzlAUc8Z1Ikq9aFOcx,1
68fnM4NfYWDxTKghRO0hhP,11
25p4sb84FOZduVbpGRsh9v,20
5ybydtBlJJL82AprlvN7Lg,0
2BZTUDdK3BhJvTbxoCHlJ6,0
7FbiZjZnuPnxuM9b5W5lmg,0
1fu2VjMQQlOGXcESeA8Yd5,0
3neBAEV5Tkp4BrKv85xysR,30
66GwxT8WGVBRLoKmXH8IfE,4
5ZdoETrAlitUnfV1xrbkPA,15
2n5FdhSAJSnUhQypoNHQb9,31
3FAF2JIoBjKkdubOBVAbca,0
6P6YKVO2X5YOMhlyWpUOWu,0
5KgAWdLVNNc9yvTvv387a1,0
6rsQ3AtnyQKTQCcIN7NwjW,11
0YLNrJWUbc9YpL8NVWhcrx,17
7jkDGDuuXVbGLDehfk6ivi,0
1fRNtrVNv6Aru1orVyUCAQ,0
5YHLELLguWAEGGg0xL31m3,0
0F4KUDXmPhAP71ULvS5RAZ,0
6Thw69oeS0M2N553QGRv8g,3
6wRmGNg0GbroG27dV3Z4q9,0
7emvGfWGGflq16VgrcRx3r,0
5RWMlD6s4i8fECJkDvdt7D,0
37KiqJuaMXQWWra2KKcrfX,19
3WbyTNOTi9pPSkJQzt3C12,0
4kCmfCnNjca59NowllKhzV,0
1VGlMYqPO1LHyclvfIMvWI,0
5dMDYyq1czyZ7FrEzMjARZ,13
6fuYLzr0XjwXurFbkDkRJm,0
3hbqfLW3FRFV5CQqdwNtoH,3
5xv5YlwHeveuhd31bT21cN,34
1UYSPfQcU2gJtZii4WRWjk,8
2Aomjzc0qNjk4uc3JYGxgc,40
4vzxxbTJeTTTwP8VglZ8Xd,27
4xdNmYWQFo0ISB7jbTZzMh,40
3kRKPvypncJ8MpX2SHjvRd,9
5HJZzHKWYf7jAKaJD0V2Il,7
4QLmoDYp0RQ3lTHbAVAuyZ,22
7CenyP1EBTBx8jZepNDCBl,27
1FG7QNYVJz1x50D8AzOVQt,38
6Jo51jZGD1GH6KG0zvDHek,22
5re7vx6PQkhtI75uJpzsqn,2
3akdYEmwE7ZoXEX4kivB7e,0
4BYwlYwqLtThvKdKmveJ6U,19
6lvR6okoM2C4XvWciLt8fr,0
37fbh6vljxudB4j4y8yNWC,12
2KtOOW1DN1D0AJTkJmfq3M,33
6NydsCI8SeWONQQURZ4NRW,18
2DcZd7oFgctIJZG5pFncyD,0
6Awv1Nngm0jZbhklY07xSB,13
0pa5N8ZdLiRziA6n8cGU6p,5
40vCMTDaDwwpf7DyBlmgEj,46
3J7liEhbzugpvof2EjDlei,17
3XBlxEYza2r2GqIiQTbH07,32
78zlgKzdU5vp15sOlKaSnT,18
2SKvJYUnih2apztfzWBQUd,0
5X9aLsGQQ3TQLbrpyPhwci,0
1L6HVFyDAf7MGPjHBibgQV,24
5XrcR72Zz11SKyHnwnemXY,8
4imJ7kX6dCFCBLnO8yQmd7,1
2uqdZBQa9VrHQkuAaK8Syo,0
7Bjf96uNizpvXLvNyOJpst,45
5EECgBC0NjIaUd8ke9YYTo,35
16QhpULFOW9fE2yvXsJV6A,40
1oSLMJeccvgqel2kyhdd9j,0
7m9j9N42SLMCuALFwC6tD4,0
6bfTktuowT5bIMe87Q5rmp,19
6MYshGKhcheOSGquz6NKbC,42
7otYg4mLHE3r3NriE0cJ9i,30
0ywzvARVqoxQOJpaswRe9E,36
5xBafmhrJzzMsd1dxErIbJ,44
2deqDqxjn8W7JQ0szZMRdk,0
35zWpeXJ71mprm8V9GOHpV,32
5izJoFeYASIvsVNtMSHSpi,31
5W0vgRE9B23TZDj5B7pRUO,39
3LsNRAL1hRtl3gMTJz2NPN,23
5Q7h7R1D9q7gkB1FimDsCE,14
2EHVjRFRSsXQaHAsys74Us,68
2JDe8jKdOcOcQm8oM4bavF,31
22ps3KimZMRByWUdG6bLO8,21
4cS66S86D9Xu5L9QqVGGc2,24
4RgDgaohkG08f630ZT9QKc,45
7fGn1cjdKNcXtwnPoiiGsN,32
35RN4JojBYBasOZoKcao9D,12
1Ygm9KdH3wbzDekO8JgxcW,52
1xkLkSAOv1ALxKOHwZJRMn,32
2qdhIjNdEZfrEfUDHxxpjr,33
1AEBHsada30zIIiWnAvHb3,29
2vIzH4NfFGoJHA5rn1dFWT,46
5Ufch415w7XCoPmdguSeDS,26
4B3NahKokb7lLkvaLFZFzn,26
2CqnpBHeQGfgj8FDB7zuTv,34
4hJolpt4ZqzoZuET5l3rzV,27
52lFClZTgHPAhG8B7VXtFZ,0
5mYe838nbuBbPMIcrTNb5X,0
0LQmFbjbesF6XNwn427exG,8
3cNKEvmeeVjDoQwKM7Phvs,22
5As2NoLCvfghXEuTFAaRHA,52
2QClgxYcgxxDD7EqOe1c3X,25
4HMwwViGzjq4ljvJJmbejx,0
0Sn7DUulIMF23EW6n1l0Dx,0
722N7OOvzhtyUEimkeu91r,29
4OdiKU1qEwfrjo4wax0l3j,16
2vt2BP6sUL880eCECrheOm,34
2YX0K9fzoyqWpT5sgyzVXS,32
1CSk9lJFJt4OdcvOH5iK61,38
7vaonzgvTMr9D9U46V0HZT,0
59wQepOupWVsDGJuJ8DVOA,26
1IBoVcXHGZA4oVNRubqcLe,19
049NJ23pZOBKj9GNJUgd60,19
2UJsf72pBaXreDIdN5xVL1,14
799ZJmqIOCy589IzlTZ0Wy,46
7FKcbKrAi4uiXosKMNTjQI,1
1nSzCAvAvzJj5oIt7m90G0,49
7DEg5RLG8GOgt7NSrVAKKJ,18
5UoMSGagNyn3igQjs8JIcn,33
5eCUrSCDVOQ9iGf5igDuOI,25
27WOAkJrAYagnYj7Y2tsFw,43
1d33rv3YwKEoc7rtTVWCqt,46
2NpLHVuBP1wvryEbnecfbD,28
0BrhmLM6npAnM6Nce5oZGQ,0
2ZHSpSskzs566yYbUGegyX,28
5YtYYDkzPA8b11RbazpYND,13
76pD98ghY1Hl05aDXzuFmq,42
5AJgjETGRZMlONKiKzYCUy,37
1j1Mgxr0j24s9norehqVSw,0
6b8qSMG2W2h4lfUC4dkVOm,15
1DPrKU9EvePcDg7v4JLmGd,32
3NFvv5bC6HWtxUftIBm8Qd,41
1JEd9a0Eoj3Wg3jwGAKSPn,13
1UMkDtIWHTetifSaL8Ij4J,18
62TBVrY0lJkJLg9ZCWdrUg,22
73iA9tbFNvev9M8Q83Q93D,37
2LEBkdbw0xrvGDEJXaqsPa,3
560HsRF0APPouAtPLkkvlM,0
2grnKcEIRT8TPztjZDMJbh,7
6esyghesXQx99GiYex9zad,5
0u8G4v3ys9EM5zbdkRStOP,40
1NnvKWp2IlaMPVxfjZ8B9h,12
087jDrmvAvTnduKPgGEUWp,0
3fpvPauIXMlx1WKeLvHNh0,14
3upKMVrJE7lq34tSqWIPkJ,0
1UvAoUD4uGGxkVllRSQTx0,2
68LU6iCy4H9j83fge97fGI,0
1cbrv9YOCoolOt1EGBLR2n,2
77rj41HJ2iSYuJYdcsucFq,35
6MUZSRiBO5mpq5qQkFgAgz,42
5nvTSFuZHCKiuV4WCwCuTd,0
6AfvfheW6VzyV1MNyZ9XXd,42
1p1bI4uv0hxFmzfF57no5F,0
34lSXdfXd2Xt75hi3mrfnN,0
5kldIyD365H9iq8Cz1Jb5F,37
4ewreCanQVsPzCdRPsq05q,14
1Rmxhk9QkgjJAPifwkA4uM,42
5mtUwUUSmXO2bHy0aRQ0nx,6
4LRezd065bAMvBlpwMAkx6,0
2gvgq9z1ChRgZUqGlAuptJ,31
0nxYyX5PIHJqF4VSb4CIFV,46
4ELZXslDwisREdaDZSjBVU,0
4Bl3vhxLgSmTxbHTFR7eyd,34
4lDMA5DuVCCjGE5O7koap5,2
3AlYAIWuDs2bYLevsTlHVj,0
5NTDpRBKYzdsq2m77oNKyY,30
5MhS1baQEdM4tTcK7DliM4,20
4CVOUJki8YUWol3jhLphgs,54
2xkrujtSjZz7EKAYGbIIzH,64
4EouOqmuTn64vk1CGhKL4G,25
6PqUdUGS4h5aGY7YyEGXr8,52
2AUHVjR5lhg6GcztbGvRkc,41
34m69Q5xrI67xUM8MHFWeK,44
5oxq2hf8u0S8RVypWZgjLf,21
2ugjxfenU5AJMO5cozCuUv,30
592JiALLj5xL5Z6LuMmaOV,39
31NDAHPCyqEIPKd3kUV6yA,40
6ho0GyrWZN3mhi9zVRW7xi,73
0fbXFYtHPpq5fVNRGjxZrC,40
3utCCAlvSP0yRCrqq0Wrpp,35
37pmMCR4KBMXLTZ4uBrLTR,0
3rnBqIIoxOpQ0p9BeW3NT4,41
7vFdDL6rEnsQ3FwKUMhVKY,3
5wHeoDyCMaMfM23u6anK8R,0
4mLyGdlONvb10DrN65wKFi,0
1ceJ4Yn3UAfdfbDpfcHCqV,0
7ciAxVP1LeifYZi7nlROTv,10
1WoYl4FAEAv4Sy0kTCRle4,32
6DrKAWEg6SURfkuOSc9cCe,0
3nWIwVWAwtGfpqN0PPM3wA,4
7gbYL4WYj0QgvILOQIMkSv,6
0dbNRVOII6bCmvfiae3KG1,12
7umKLymxjX0kau3kE4yjse,0
3cRgBxLFGQyjhUYXtx4NU2,2
1yZUIRNVfCMfdKs9h4i7Ij,2
7d40MrlRZ750AMf0J76uZT,36
1fnLlwkvCsfT6cF9TmWtAs,2
5p0TXXHvJgbvW3xpgZca5j,30
1BizaeYrg1YFBrbgi450AV,0
18i0gucDwb7GYpGUnk96TI,7
1RnOgWJEFnbWZk8Gv0I4FR,0
2VX2NrHIPAFt53s8fWqqFO,0
1F66fk10aCVVRT5ZgJeV2z,0
1Ao9KNcdyVg81taLY2cM1g,0
56lQ266C4xeezqDDQGemuu,1
0EXmtbfi8yUctZdTYJgV0d,0
0nkzV4EV1Q4wBhWVQwE9JF,0
5FmVPVmYN6lKxQpxWf4wIA,0
6qAM8wwwLHsaDdgrmMce4c,0
5hbekNNRlRWmwouFSrDhwB,0
56pZmSRcXuX7Au1b8Df5yT,0
0y22AwFyWFPmNHPTS4yILK,0
7eR2IK6cg5HMu4ESteXdyI,0
7rIsY7FvM3KPjjn8HVgj4N,11
1d2aoK9QGB4VPSSgG7UPrG,0
2KJqiS9F000M9oG7d1Fm47,0
3EawCmFx3UyZTi5DhSe3Lv,0
1mDLznlo64yN2E2Tu8peI1,0
4yUhACElYLP2cbCyuDuaEk,1
2FRmJ7myndFq7J8VEp4g4w,1
6sMmjtWC8NbGokD3kg24Z3,0
2DckNyN3sE3kaBLGwBFLuy,0
3BT5oU2l8UDLFgyOTUdKe4,0
5YjxIJo5vd6BFfA36pNi09,0
5hJ1YFy36GgOrxCqZsGiQo,0
1F6zDv6KVmauP5xjpZvSO0,0
0GzsAoBHWscgaKbK3paOJz,0
56D6CJK7PXw3kFpskScR20,0
1A3NNF2yrxEU6ZebtDXDH3,0
4j8SSKBLeMzXndNzTi734p,8
795UnF7drJFQvRvh8gMq0Z,3
0mnyLkvM10xOkiwg3v5AKd,0
1EXWqKfam4FoZ5RpHHE96J,0
3ReUq0O9GCcgNkS9zLnvTX,0
0Rf4kDl9Ei7XkllmaoKzgo,0
34VPpQSm2LWQRyJ9oFCusB,0
5m6XvmdzcWpUBRNYY4ZzrO,0
3Q8CDGN4LPZjuPIGGiGrnv,0
3dM9RpiKVE5E3GIIAtgDUH,0
0aJRKH7ZaHo1NFwRfNzwfp,0
1g7n1U75MqLW8dMsVDpIiP,0
4cdRrfARxl5gP4jeE6P6YN,0
1XOOvcjVLWbOxURESmKTv4,0
4CaAr4uzoE0NsH6u0v0Ma6,0
3b1KV84R7dMZTKvEigwWjm,19
4rq0LPiVhznkmi4ajls5QA,0
5PkdCO6W9NV59fvGqPpSjp,0
3mjxQEvWVaBsQZA1MvIFr9,0
3sYfPeEeRkZ2pKwzKXLzIe,0
6lAEHV5NklhN2EuRCvdKSa,33
2ZOnKSry3gTMljZ6e0sTE5,0
6pKjxtBn45NCbMdT01Le86,0
1n4WvznU9VbXQTIGdl9rBw,0
4Qf6VZWLWC6EIKUyB8wSDF,0
5A5D6sO5PJUAClOnggOeHB,20
6lNaBQgHjNtrTmQK8nJGIp,0
4CiTRVXZJbQEybrPJgFwNC,0
7g7U6FdwzwULiuUnZlQ0dV,0
6d6dfnWmBDF6EhAxmZtvzR,0
5CMvVk1MF7IY6YTkVdwFOm,1
1fKarvU7O0NifM7FooSAYC,0
41vJQDsgl1wgyAB7rIZrdF,0
73EGkDqlDCqx57m3fpRBSw,0
3RB4fFGQ03Vt9SdgvtdSoc,0
62Q1gwEGDU9pbOhvmMVq0C,0
4GShmsD2tiQxWZhZ4AyBTZ,3
3NpjYny7ALGvXOEe4yqS6Z,0
2IlbSdCg6QAVo5BpqpvJzx,0
1OXfWI3FQMdsKKC6lkvzSx,2
4pSPMXaCjbaV3VSzZQYC7H,0
294vBlXfZYspeI29SXZaON,2
07jFllpAwipdNXstXHFtHk,28
5maiCdBRKITzSbx4mdyy8r,31
7G8r6LUWl9JVvQjlFyg1gq,0
1RqAQdolASl7InSLH8dEbr,34
2LBgsnOYRftYWaFio89LFZ,0
15qljmrsinxDSec3Y0Hql2,17
7KMWYoVzdxVqbWzDqfjw6P,5
25oNllhQ76kCG4qRQvrinP,27
0NARBuJGsvbPl2oVTba4ao,0
7ayzgdcaf5bFwVvArPWZXJ,23
1izX2DJ0C4ULbe6ptR9Nz3,37
3cGdheolzl0cV1ZK1b69WU,4
370tV3MAVZY94y47VtGrGt,4
35J94eVz8fbCtIXvKZIhez,0
2hMZvkolouM4hvtNSQl4vO,0
6euZX0vXswBhBBgnYTpdg5,0
1DkdUiBSkgXCHBeR6YOt51,19
1xtQxaok9jKMRRmFM8WkKK,0
02jdttpwvUBvKdzHkoL644,0
1r9RygcEuErbQ5yN5jzlQc,0
68bpWQhAVtSQL7ZAoucMRN,0
5zyYMUCo2rAQSIgu82wFY7,0
3Dl4yNr9PjXd0vtDgyy2st,13
40MV0X2yvmo1osmYAd4mwu,14
7HR7MpHKZpnmdC7CVEhePh,0
5PsMbxhgWpJMsouEfDTX6r,39
3oeBaOmuWeNPjCVpWPjUvg,29
4qjDMhpqlSQABkLD9lmAxi,0
697MjF1454XKvZmTuqkWmD,18
4k80K0b6KZ2QjAYkXON7q6,66
6NWq3JOKCQ21Av7y2q5RFb,36
2tmOwjRr3ZzEPtwIgCoM0s,24
7amhfTaV9f9u6gPRtD6kPT,0
3E5XrOtqMAs7p2wKhwgOjf,1
5HbCnVLXRyZVxnreOPgJCK,4
0874CiZj1X2vZf7TtYTTPC,11
6x9tZAjVe9L20ofvvo9afH,4
2I8U4alHqlxAZN8Wpc9jf6,29
62bOmKYxYg7dhrC6gH9vFn,80
0HFx7PLqzGxSfN59j3UHmR,41
0kUMtZVaYb7EETkBdrEXXA,57
3dXPYSI6qUKXKahgHbuN30,5
2etqFHUtEaLNXFWDpE9sRl,0
5PUvinSo4MNqW7vmomGRS7,57
6dqpkvBfHtnBbGErSKnTHU,8
4Zmgqg3VvsW5rVMsuO7Opz,0
4ngLDnC9X0ARJATJTXljdC,0
35HJeLRM1izdWhobeTOP7f,0
7BdrLBm3atLHWnHcAdypbr,0
3SR72eMiFDPIxMJc4587yN,8
4VC5nFbYO4avKksJ9jN4pY,0
1caTqvWIUlkpY122g17GIm,7
2GblQ918RbkOs4Yo1Rpkcj,0
1YiD079ne2nl9TEOrw43Gh,40
0XRsFxbUeG5w5RX5dDSNie,0
4ROTEqZbUtCkXdSJXh3ctr,28
1CZOrmHUUjeDP7N2B4Ba6S,2
4bFmYoDdKT3HqSroMmRbGV,47
3UfDcJGcGthaVIyBMvydQx,15
4ReKC7WcYUHpPtXLqC7u0F,0
04o1cc3SZKXhAGFugDUHMx,0
5rUJMReNdG8ppsTdBusoBO,26
4OgmLJAMPDrT3Tc52iaw7Q,11
0Ew1kz7hJjOTpH5IAwLcSU,29
22SXyL6pUjwIvGWvgGjLov,51
63OshgWbxCtI1WHb5C0Txd,44
4mEPquRcjE0gTFoylj2b5v,55
1JI70l1lE5IF2tgJm5TnMD,54
4GMMwFXKjtBeTo8VwhkmEw,0
6kugAiBi0pt4KmV2ny636K,15
7wq03S8As2bkB6dSnXd63j,42
0ZdJ0MBlyrwvuLNtv3cbKM,30
1X4l0BRQfy7K3VkUATgwro,32
4z28iMiVbMlWYZhngR88vW,0
1GJLqaSf3YAHzHlnrFjeCS,0
4129VnB82LrGkZBDsrijKd,35
5F65SKdHWD9l4Nl4kgMcWG,34
0pjMTISKHTJkogN1BPZxaC,47
18l9dai8PHPKp0MzR73toP,0
560bmVbJ73hE75bunZ8SNa,23
1qoHlIpgGxtmYsYdyiySiL,0
6roEbeXiBuGiZsGEGwmQmr,0
02DoXNeIVYvONhTk1fGQrz,0
1VynpqrTbP74RZVIFeKFcJ,0
6UYLBu0R2EIMPdGlT7bv28,0
3Ibuw6J8n0axsBfX8zMqSr,0
7mQKKSqxpQD11s4Tf0tIhK,35
5vDl10sh5HSvwVFenagOV1,0
59WgopKOlHZ5Bh3RDPMspq,0
6rmtT7Y8cH7NpvovoPiV6k,53
2fzly0v7ndY7NydVFBE2E0,26
6cd2WUJwbFgRz9gV8c93fu,0
7mc4No8g5eoAk7uuloLEgs,34
62luj74AgGkT6sKGqTckdU,0
5FRCYQCnVQaxGdbOyjMwGy,26
7aLWpKQuCPpoI6Or8WJnzd,0
4Sdp10fc5XgHxL1VaiMVYN,27
2TA9nZUGyYjR3Fd0CrPFot,0
06o6dZ9ekqfEvQNRePKoZg,39
3movM7HeDSPPURaOARtqhl,0
4jmfX9D0GoHnkSGDwPN7HB,0
1HR4WnFOfmKR0Xk5bT3vGM,0
3Ep0bUarDBGnWpLWkNiR8F,14
3cg2Hduob1KxRe4N56rhuc,33
1kLKGEKMyhY3jP8ka87NgD,0
0WchT001t5zRk7u9YYNzhQ,39
7Drho95MhTBx5JRbk7ykVs,0
2jaiM4hzyyQWZoLKrViTGf,0
7azHpw0rPAouWya981SjGY,21
4JAy3D5VimWbHJ7tBQEUQU,0
6c2nLvohQqC63ntHzvWtqL,0
6ednU64Ls0iVT97s2fbNB1,10
0Ye1olMyvB2rLjZ4vlYVWI,46
0PwPkm93L2dbWWmboTVwpq,0
014J7jX1wSv0manSdRnveo,0
720IIHD0NvNfDURgWSB3rP,37
3Vt6a0rOyb4nGM7rBzgK2C,0
5H7CwzYZ60e7w69tX4ivQN,41
7ldlgbsVshuUnFWyimgBxn,31
6gXTlkZQjtNo5j3Kp86H4G,44
0gahmokctHhYjyR3ZUGr7L,46
2sp1QtoKfxJaSlsu8NOLTn,39
09yLdUZdymzX8iocIUxem5,0
1YXsDvZqz5dGdC1cngX0Nf,0
0pdeEwJuUMcBfmoeAMktcf,29
7GwoaOQk3fKpqf28Fl2ptZ,0
6CSoHvIEGzlS4hl8hzB9L7,31
0GGVNLSXv3uaN0GrXvDsOC,32
2wINoRCKEZtA4CuLLwP86J,0
5pOCxpmhVPYmJqny2LWsDT,37
62V2Wdw9YsFRXYy3SR4Gtp,0
1W7ZNYKcYjacT95mAVR6cS,0
5WOLZP8KrXiupBjG1SSN5U,31
28Wu2b54s7TPn0o8xSteeQ,0
6nBISCOZVQXAWdFIek2QXS,11
7wzEks2i4wsVNYKlzIU9LO,0
54CO2VulHs86lUBCnuuGZc,16
38Iwduov8CqeckUz1oKmyC,41
0jTFKCb21Yd4UMV5Xk9EUz,37
1KtU0WCq472KzqCXgMOxkS,59
5YncMl3WSmzvwkiIU2K8cl,39
0IeFn6mSeSiXvB2dGgpdEI,0
1Fg46JadAkJ9ugw7mSBUSN,26
5Xl8hwINbHKEYBHIU0WL1i,47
4HUZBG98TYbxSR9V1V2DWS,46
29caulxU0jxucdVIyhSJTc,45
5F8ffc8KWKNawllr5WsW0r,1
6X0XdIcgwfVa9orJnDMQB0,43
0LxRuDnvG0MROplG3uZMNN,28
3tv697PZNnaQN0Mn2zGhS5,57
7yfVmOVRrstIgkNPz45tAJ,32
6ZWkf3FDQQmyeel23ECpIP,0
2EjGS0YJPaf3C4TCmJddGL,50
2JVbZEpewmqNlSzmXJTx2E,53
4HaIgFi5SmByxgennUgU3Y,17
5n8Y78Pl5q8lqS7sJP61qw,57
4ygXJj7Mpn9y8nxhDRufaY,27
42krrhUrCSKVBNm2tkHY5N,27
7F6f0GrWlOG0kVtdiCXCaU,37
4k20Ie47EcWtS4wMBn8w8S,55
14WsidKNckjSyoa18e0xnp,31
64UvHDm99aHsf3eSJdNpuB,0
1dKYlw6v9wofuqb7EXSvPn,52
3UYiU57SMiAS5LqolhHJw1,58
1T7j4KQjGJpqIcFMtOpmx6,10
6BfpjrOHrbe7K1z9uDI2yG,56
3lweyqK9BKJOY1pCKTEpnU,39
1PRIEst0d88KOuhFndRp9d,0
65i9Mc7h1CG7ssI1OhMPcT,47
7Ac3BmqTQoLdAt7HtZyfgN,56
75exSBqGJwoLRjgwN5YREO,32
2x8TNY9KwNvD19gVGs4WOP,70
76gCEZkHTzU8lY3aY6mFRM,29
36P6ptTyxOggYgR2aoZiAl,45
6FqQemgEHZi5v1pswknfHs,22
5pddmkNwatcLOEqDqj7xEp,0
6nxtCTnwxoRIAzbIrXGlT5,29
2kOmW169C7UV4SZDN9u0YO,1
7offICpl9kla5kC61uUAs9,37
3kySOLOrkLeOPvu3HXEgVz,0
3SVRfC0uq01bI5jGCLkQjC,47
49pu85144Xir6PgWjeyJhG,0
1owErGXMkNVCgCmCjI1vRL,0
2KyXyTrp3kp1Fsg7B1osYD,0
01wavOnjFBNgdMWBFYIAP4,60
5MMrkwK6AgNAsgHVdC7daZ,69
3geRc8gbDYPkpfebdUm4MI,10
6UnYL2ZUw8Vg40RRmFrrcI,26
3ZkTtSBN1wcSw35F8GDRmr,53
60glrFrvqFW5RmNNecsnaa,38
4C24fGqRUrz3TyVt4uku2Y,43
4v6SAnzwEr7s2m0gFQnJFJ,69
1EPtKqJUVJki9jVyIr2ZpU,0
6mX7ERpt8gb2BjWtqXkz9p,36
1AfNdxHdE4OLcnQUyC6j3i,63
4gDvg62vG96w0qJaF6wzcd,0
7ghI7Ocugk2XTdRe6uxDyS,28
2lm3Ric7MeBk8hLfsiVokr,59
2WJdzFwnx0weS4sekT175s,23
6NgwHmEgfQVIYQBq8QcWMi,41
4pnlRYoaaGu24SuC3et5Pv,0
1psCVg04oOY36IqUVyRfhO,36
78m3BiWZ2dLGzElYwrIfFD,50
1uryupl9hqVZYurJwH4G9k,0
78kar2tZk7655xZMibzXO3,61
0BVRi6cizWdDrLRmKI0qsw,44
6wDzwmywQ2X8O0FN1IQGol,57
1wWewVITrqZzlbrHnZzqm2,21
0R4dwzW253KTxchGryT1H6,57
5lYKob6hewwt3dcy5kWMfF,58
4mtHXZBOBMrZSI6jp3X9WJ,52
7kgFYF30RC9j1M6koVB422,14
7pSXU2BrcwQt5mbRPKEO4k,51
0ZHK2kaWTvSCRWkLflRFgF,56
76A0QqpRJQwn3NCqqlNlqi,24
4Da1U4No5kamKMoJ82RGan,28
2oqt2Uq0KUEfsBOdfyNXnT,0
619bJQ9uDi8dnXzLebFI7y,60
2RJsc3MxI6vPPnzHM0eGBo,0
6y68QK2SwC38YxsbxHrA8I,41
7GAaTpSoTWUTbP2Yxlt4Hd,76
3IdCZelObiTA5RJfQpmaRG,0
57VJiw4jxW8RrtftV2ps8w,0
1bM50INir8voAkVoKuvEUI,77
1QnvpPFP4Q3FHbDchqWiWy,61
62yJjFtgkhUrXktIoSjgP2,81
7ElF5zxOwYP4qVSWVvse3W,69
1qjJwDrg6kKsyCCMOazeG1,18
1zxTt2e9Aj0DCwosx0EtGO,7
36ux3YuUsGTWPT8fXclS45,69
04so2YoeEkrKTfmgoYRmvw,30
4KSmubn6vL6nOxrKIz4L0Y,0
1G3Y77JFQADDEPnL6aaHfb,0
3ydfhgIZIc2j39NLIhpJpq,63
6aLFwfpymvVRHd4CVI1Hrk,3
0LNXVezPVx0n1dSyTFKpor,0
1CmUZGtH29Kx36C1Hleqlz,67
5sAtmnbTB77xXgqb2UHhxC,4
0pwsArxxOsBcdixah8dWbX,2
5dKY8snzCZK7k4rqfmGfoc,24
5XBIgIRzyOqVMihgqgK8JQ,0
4LCOHlJqbILfOrYvAdgJbs,0
3F1mueW8iouZUgjmawhVhe,0
5AQzdkHmlUJil4V82QmnBP,13
0M98PvIvx7vZ8LDpzMw1hB,1
3gA2OJK56lx5z7riHwq3HL,0
0JMok6kVfl3Cfy2kuz3Mg6,0
7jctPW5gAlj07A69fzS8m1,0
5p1PL2Gz532ziKatpyjSNh,37
2ySKRXKN58cbIlY1cxd80y,0
0BTAWeXFNhgAYixu5YGtE8,0
7MirWQBco3ZiuwvcdYaNSe,0
1pLh3xuAaDMyux3laCEqaq,0
3ROFgxvjni5xjdOLUSTLlq,0
0eeeyCAGnGZInPtpkdYiPa,0
0De99H6O0aCS9EA9c3LS0Y,0
2r5oD7twaQTsv5KoRS6v16,0
40jmkXCLbN4rJ3lJZP36vS,11
5yVnJq7vmGnvQdOXC7CdUG,0
4zDsgkTLNv6j3kQ0asJfrF,26
5jNuiCt5KUR808pHv7JRnN,0
7KP2vFrG0EZA34Z6CRJklp,0
0Zb4u1riI2E30ay5pVYAUW,0
5RraLIzcFELGf3Bip8t9Q0,0
7yfWlI1aBfyiaIMTpFuIX2,0
16CZ8UWwlJ6Grj3HjOW1Xx,28
2oO9xKPU8vkd02W3yOhv5v,0
0EPNX66SAKHx2wKS9txaof,33
55M6WlPDc8WID9UcmWjbYM,49
5bvGVgllIIJwcy2YstlGU1,30
7MHMTBev70bl00AlZfMMgR,0
5XJEdVQ5jl3C3dFsV7kCTZ,53
00vHOSgvVfyLzhlTZIJo1m,0
3tOpyEZYazChaOs0Djnr1k,0
1HVjqP22I8rGY1gyEqrEuy,44
6c74JALtmtDUlCbn9fUJYZ,0
3z7WmSgmSDTFH1WwL18yyS,0
1kznDMHz1kpzk7sMYIkrQ5,33
4QYhSCxutLSRDvOwI003D3,0
43y2u5KxBknQ9lQ2ILT1Eo,34
1b2DXzL03cToFUhTwHX9lB,22
6AV7hLSw5cIMTI47BxKRm6,24
3cs3lGvmdiksYhEn8nnslm,16
5Yjq7QuAgVJpsOR66m2YMm,0
6i2LVrx7eE2gSrvf4LOCEn,0
7JvnTM155wIxjTyVc8kFlI,13
0ZtRAKwEaEzbApyv7vZRFd,0
57ma8uG5b7nvK1ZjiZXH0f,0
37Gq1KAg6bV3KAp32xOoFL,0
2CVgm1sNonfLSbW3zkgcvv,0
2Tj1rwzPOkyS6tmGK5InfO,0
0745pNOxmaa0hAdq5xvrMT,0
3TBKXtDKPVlL9dN6Am297J,40
1XKqmq1elUrfRKvnhfD3jD,12
3k3j3rMaE8Z5UHqhva45rl,3
3UILi4d1uxhm3Brl0x1sXI,0
0Ud2tQFEcl1h0s0B9IzZA6,1
3YUGHKquCjECjge6L3oMSc,0
7whzl1qu4qJS7WowJSQjCB,0
5QkVPG2Hf3MmAarireF6lh,41
34PIHSOOTBoj1LAaYGHOcF,0
7nHmJXlyr4AIotI84ZnVFP,9
2uZvZlMK9LPw4gpqdjRN7L,39
2zRFPRWcIBBlTvvn34sj2o,15
2h2EuUoAfsU9dWzHqYIN0p,17
4El0uhACah17ysgOWAXhrG,0
0NiKOMbSMEJI20NmJlYy14,0
3n6f0eBOjEqOdcPVSl0ixs,5
68YNMgfu6MuCkdwLeiMR5g,17
66aARQw7C7lLT0YSqGs4mT,5
6tZ4PbOk9Qgw6LmOYBP7qK,31
4iI23lv1PWM4FzL5bQ5oUh,4
5a4nh2oropkkl4j2qKgSzq,15
4mEILaBM7bKZqKAun5tABu,53
2OSsMwCiZPC44tJ4OPVSZF,34
4m63ZA9od3vICn0AOEG5qo,47
5Pn3Qhu1z6OEPQVYbzgO1E,9
70niTFWmTQ0EFpKkqJKyZ4,2
5irqG4XOzMFGzG5ZnXFAZP,9
3Zh8DQM9VMQC3hIEvHmQTM,0
25HWrN7rPVMy7r7JlYZvsC,30
1ObZ6sMWPeI56b74WaULRk,0
3UEfOvhtrnpw57gDbSixri,17
0K0vnXPkSrZfO0xpT91jub,27
4PKYreZMGwx0Sphd8eSdVl,2
7hnsQzlqEfgo65WRttm3ZF,11
5TnqiR1A6QSKWW4YL8Z3Yb,12
793L9VYMEBkbA6pzT53usi,20
2Cbf7VrpLaC0zSN2EHIX5E,0
0XMeekgnEZDoieio8IysUS,37
7DjSCDnrPVN0lLejJYhJIU,13
0UBDke5y1kqTgTkgmyHiwj,0
6Nt8JXqD73iPp1tJLJduaQ,41
7udrvvb03mLcfQtVy3oxP2,7
38AiFxseK9i9ND2VawQdZR,19
0vyMjZiCTHUw6p2Jst8QSI,0
5M9SmAeRC3Maagednv0lnt,6
2yXDcLTZea27RXtQ7KZiBv,8
7mcI6Gpufrz5PF94xUVDeC,33
2sxkZzVmVYdyMaVghmyxn3,5
6DwjhuRO96OPqSwd4UXpmD,4
2CkNxPDokO8Rp83H504VUJ,23
125fu86ET6qNRcnQvNKbqZ,0
4AimtqU9MO2HnMro20AK2j,0
5uRjHOMFT16RS1f8ZNlkzm,0
0X108Ku9IS4s8f4IndB9c6,5
7258lBUFSE45SJmxoJmfYk,22
0VVI9NrUp2dN6rL78r4Ov1,19
0iWYUegJm3Ty16VEp69HLs,28
2OJ4ICFObsG4qQ1yICrCUZ,0
2NAesqWULyWKuBJuCiH8ER,7
2pnExxp7mYVSgx8L1ARBSa,16
0VokwYpSt9gAX1GFxMbqxH,0
0PUWNk7gooEAHUMW5V6e39,36
3EiLWVLc7X8KrId1XPm9R3,0
2ea8kp4WKy1GdqHoYaz9Nu,8
5h1ujfTQFhPyfdb39bOd27,16
7hQU6NBqo3cpIH0SHjDrQS,11
7MB3TlGuV2oDvmkZyK7NDW,15
18Qiyxgv9e1MFMmXfBIJZo,0
1vMPOXedoeZCtHzBB2Vart,0
1Aer4G9rkyM8FxcgUq5TTt,11
43A4rmHek6Gc4QQygbOYhH,16
4IhZN36ncIl66lToIQbqMI,17
1TsUuL2SqH3BP0t7PKhkjr,14
3Qu4Myn9UbtAEnTmBGbHPa,6
21dE2qk8jtqdUyML6hXwrB,14
6TezkLQU09IcSp6LLjvIpU,15
3D17aeOQFwjADe88LjNjJ0,12
5xARsmYzBFk5onyIWoAIMH,13
5qEK1dvlPMpOYZTBFPGGPV,37
6OsDagqIzRrpRHwAUkeVy2,0
5l5IJdcDFbI943jIp2k2ZG,25
1ru4aAQK7UN0wK2JEjWMsm,24
2ktB9a97Jo4Quf7qLSOMNF,24
6W8TXRdNeC8QkiOrR3oW4J,0
020mPSviVz90DTlyfxofDJ,0
3gqVjhFpPMjbZBLNJ7nhj3,18
49vh4qZFYU6VnuqyKduUmo,35
17sEmOaBjf4bjo6Zn7Rryk,19
2Hh9mUcHvBF4OEMEKB2pgw,35
1Hpe55FfvUHQF9rAT9iXB5,42
273dCMFseLcVsoSWx59IoE,65
190jyVPHYjAqEaOGmMzdyk,79
2iXBZ32Fz5VDCLeE0JIdX5,71
1c7ksvu2hPfVcMqQeHebkg,14
3icobpUUcKEbt2zQUqRpvM,31
4cdgQp78RyRzI04Bmw8o44,46
7Kt59L2ZZGtOnIhvMwzG6f,54
0Qh38w01QRXK6KHIv0e3hb,78
0ZMd5tkIxm8XkFEwWn5Ftv,0
3KwwE4sgCzMaKWq6QBebmX,75
6N6KzOcDjKwgCOx6Ijzz3D,0
6ILsOdeN5cv3M0tp0ootWF,41
6ukMqDxnOPOgoHdak7Kyp3,61
4boQG2JUmRWIDOoC3coBBl,3
05zCWOpwIUf6JY06gSL6uz,61
2KMJ5CoxY4ECG9TZyNWmpv,56
4tnnfGGLBYWwotE4Q8H5jf,38
63OtmHACoP4tm1aho2vWGe,0
2E0fhpXbNfksy2mdjm57bf,0
1pwo8l3Ko7idwaz4LVUEC4,0
6oG7bmUn7ws0qYEJ0eEbeG,0
3KZcrZ36LW9RnChK1iIkth,1
2S5LNtRVRPbXk01yRQ14sZ,65
0b8A8xIApWnAtevIiPpQnR,0
1cOyWWUr3oXJIxY0AjJEx9,59
4fwbGKNExPtPHbor1TBSY4,57
2ACOWPLUe4A4KuQ5ioD2od,71
6IwKcFdiRQZOWeYNhUiWIv,72
4LIu4EcvRwvvtHJSgwVagi,0
1CS7Sd1u5tWkstBhpssyjP,80
0wwPcA6wtMf6HUMpIRdeP7,82
5sOch9Cf4uxcMtwFzMtNqQ,46
4B3RmT3cGvh8By3WY9pbIx,63
5XMkENs3GfeRza8MfVAhjK,77
2GyA33q5rti5IxkMQemRDH,75
14hJ5tc1VCFMWhVn9axRTC,60
5jsw9uXEGuKyJzs0boZ1bT,86
7ciLq0Cip0yxiz6KANrOUq,69
6SkoBaMd0lzoQjID5aV2d9,57
1xhBXHxqnrbFvAzCNc8ZD2,34
2RqtfcLB7iOZj0zYB8Auhu,70
3ehS7brEPi3Pc8yitrFdbG,33
4v0134PgBTGsFJiGcV4eJk,47
1LeItUMezKA1HdCHxYICed,63
4G3IXyVRxSx5lLhUvv3fu3,0
7ykMO4py7Nvrgf2vUHBkzr,0
0utR47mwVxzobWJqPIgEl2,1
5Sey3HgGa6KB46mlOyCClZ,3
2zMXH5k5NZy1Nw460bLvRh,59
7nwGvxqSrgAuty1tlPGCFz,43
3F1TIgyzrfdU4dF8c4C75U,0
3xQjivjUZ4KnUslduTEYKC,50
4ogFKRgF6CWAmMWcstMU08,0
2U0pVx4m1Kdm1Gsjjm6iq8,56
3nbnyZb8F60d9vHLm8RX9N,49
6BDLcvvtyJD2vnXRDi1IjQ,1
69Lq3BWssbLhf4QDRtFY51,0
22S5BO6h7JIOjg2Uw88l8e,0
0q7oMII7kWTj1ZSX6GT6LU,1
2uF9MllYoEuXzUnMudZG4c,0
2ISSQPb9LHHiV6ng2NXosL,70
0Kk8NWt2aj8OXeYONMzxrk,38
3UP54oSRjnikM8mBHmCJhE,0
6y67LQI1ClG9nJlvpEuqUt,0
5ZzjNL4J31lqU853Un7T3f,44
7uqXoZoKZKjuRdNphOQOgU,38
3b71h4RqnMZ4d7UmTOwA0m,0
5ZahQIsfOhgRoLS2UpUN7J,0
4QVS8YCpK71R4FsxSMCjhP,60
1DxEbPu9z1SVGh7dXMuzS9,0
0n30h31bEKiIHXXzPbkdqy,40
447yWcDPg1ddgcHBLGpJC0,1
3IDxECslyQnrA8IFZOgk79,18
67rvuV6oRGppOyXZk9OUrs,30
5jgLKm76IBxXHICEKK4wLQ,20
7kjvRqp04GGWo7TYhChjpJ,0
22POpFdpHAwCQLvgVuCS6R,0
1b3oogM5orKL8ZHrVGybRm,0
1AcoISuZA2tq5uFOwRA7yu,50
038k4V2bjaAQsfpYV7V9WP,0
0wGxHftiB6j0SDzrFkF2G7,0
4rIAqwhHGfWChQvQGYwEfR,0
2wm6DCnWcWwfsIl0LvWYZ8,43
7eurOgoz8MJB50prrw3Sv5,29
41BmSpGurS32HCl6O2UBKU,18
3WgHKpcZfkAFzhrhuMTUgX,7
6UDrfHEnUWI3O03sacM3KO,38
3qlLSRfudjIMj9GyBcv1lV,30
7pCOQEjSzfBAswhwEusLh1,0
1JUlWXa4Qn77rZL1otnhdR,0
2kRfv79CtGRYgkdCRiWNO3,22
5FAK7GY5W3PUBPLkJ6R2wq,0
4aimS7UJHeBfF0eJDhIGBH,27
5iPnsVuITetx7KctVo7RW9,0
65n4DkUhKUO4tECIabKwy1,50
4DHRbvvQyC3mBa3Y0JNl4n,0
6tv43DiBgTHgC0dtID2MXW,27
3HKiR4t12GW18bnPUVhx5l,0
4ajF5UznaEpfHFXv64AQ7T,0
1Aw0wPIW70GsV9KoD8m7Ps,38
4e1V6XqJ0GbagtTaI6ytUS,0
7egj375ez0KtF3bYCfAHdZ,42
6ghGfGpipODLLDyzcolTGW,0
3qhfXNcG8fGZdyNhiBpeDD,0
4OCvd4ila7Zp0tEsFWs2hP,32
6E1OJ2yc8uxlwDDNHC1LVx,0
7wNWHfyUjn96VkmI63XTDf,25
44oL4Cwc1jkTxLH5kwHe1a,0
7iYMW4Ww40RAbfeccmzMQa,0
7JWVoYwmKrFWpHaXCCcyiH,0
55BmcYqf7OCjepGCKfmJRo,0
2rOfnCrbxZpMvENtx8LqY9,36
7MFahU9vl5TWlei936k7n6,40
39glqzRVRAy4vq3PqeTGb8,62
3rwdcyPQ37SSsf1loOpux9,0
74sgVh6hniNlOaAJmzrOKp,0
5uGCoNepb3NfYHzdVDXQtC,52
3VHNuIXr0uRzVFsw6kNFPW,0
1Ocq0NTmglaMcxIGarSSLY,0
2nkG1q8Iix1HChLYtJFrex,0
1KamYvfe3xmvhmXicpkTsS,0
5lhHhePD9IWBj4Pp0LjL2F,1
2MFVal6TrCwl4RH98I2M8n,0
0gJXqAhCNSx8TmE51tnG0M,10
0NinugNJlqxWVLohmBpHvV,0
41EyCpjvtietoAXwg56Zjc,0
2RZAEHKnwWecwUk8qVuYiM,0
4E4LASqbJ6ikLFgfHIQmJx,0
1IdKuB3Pnj3HOViSIZHTzs,0
4D9jZOZpWjPTSQLCsKBEwE,4
2Ph3aZhN44fMzXxmeW4aBw,0
1FsdEo2ji5wjI1OqvQ3xAE,0
105uuUkkh85a9G6OZQzvHE,14
69l0Dyhy2pprXgZ5YX4rAf,0
3UsqZkuHiBXIUl46GsZiCD,0
1vnfbz35mnFizpSuVnYoDG,0
10eTLaBl3MPqKzgm90ZfrU,0
1hximnciSVhlyATFo9i5N0,0
6O4ZuMSOh6JVuyCIycaQB3,0
5jkuludTnPLOfvcN5PATWJ,0
6c6p7nfzKTiBTfmnWaKzu0,0
7snVrPreizmWgxK2lXAioC,0
06Nd516Lt4T9Y9LIfGeLux,0
6v4EZKfl4gAm85Dw1BuUIg,2
3sQfB3qhgsSTCdh55ai8zj,0
7pr168TcvrcajZoKC0qxi7,0
05spZGjDdUaVc3QAv4ilY8,0
3IU7kPq7nceGAePo1hY2Ta,0
7j984GrN3brJOMNzXmffg7,0
5C9hWBMKXj2WN2j674bmHJ,0
2ruLk85iMXVqD06ccKvefd,2
139kead5qSlyH0iZfsY4lI,0
5I9P0RYdL5AVATzHSW2Mjw,0
63PJJreKefgW6oIDXkXgiS,0
22OkYzlU46O7PF5Kw4YfKF,43
4TWweFic7KA6u4yrm92guH,0
77yhWjXlpQzmbId8mnZpsZ,0
3lhmj5XfT5poIR5ozhiDmH,51
5tqDJzxqgbYKBiGlHDvun5,26
5lNuqFVMca4vPupY10cH0J,58
0aAVBcORefVNADGxgqh8XM,38
2ULg8Cw0Ckn5JDGUkCNXko,36
6QprbmHDb3yVNVTwlmaTkS,31
1oUb2nyyq0IWVj1nsuft0H,53
4qABfS1RaGVXdBhj2BQyhO,55
77TT8Xvx637TpzV8kKGkUw,57
1HfPcQ3c2HyGeID3u1lmCa,49
2QD4C6RRHgRNRAyrfnoeAo,64
0385HqYimoTQaHZP17KwG1,29
44906V2WC6k59u06A8CO9D,44
7d370xeaJldl9wZ6QnL3zs,0
1lCfZOuD64LR9J1woSivou,9
3D6FxHXduqSEY5uBfEPuSD,39
4UIAJ1WnUvAPPdkzq2rn1i,48
0bmB3nzQuHBfI6nM4SETVu,47
05dL7chWJaVjMJnGO1YCKk,47
0rCuRc07y6l1kPYj0JSRg5,0
6hJSH3jS9jG6khVclppBJw,0
0SWR0r19WhdCRFzkxBlYJW,30
5AsC2kPe77WqeeKNVWxrI0,0
2UXfcIiYWyIvKBlHyNQlsD,0
4YK48OgaAKpBEaRS7ZhCuf,0
6TCk1yecQRDU5sXG3vjTYj,30
1JDfWFKXGxMjStMXfMRkto,0
4Uem7GbHwFucQQUS2f01dU,0
1etygKJ8H3NdhX2SljkNpi,0
7blHz7paIX6m7WGcsC1gQ0,0
4TNWgANrFMzz9qfPlBNopm,25
1nas007nDbzLwDGwvMdz79,1
7olq1ySJU0pSghGyBj5yTK,0
5mOVGtU5mxgZWfdo8FyxMf,0
4m44w58OgkMpRrFaw6f4QJ,17
7j3HTSCtsbMGDUBwiAP7pw,0
2KKtVbiUduFBMSRDjijMWz,0
6vit6hVkFt5cf3eWTG2oDC,0
2TsMgZTaacXikcOAEezzyk,0
3qO8p5ccCElEk2MMAI0u4J,0
5qsKdwDWbhNTygUO4mGpix,0
0jPU39bL0SrCmYc1RwbFkX,43
4nP6jRqPZjFGDfBZpwxwh2,45
3f9DeMtU3Sifmf5dqs2Ava,38
526JRJ6gBGXWPCc4iZgEGp,20
0gE8dn0iFfXoSLLakAPDKZ,0
3mha0HzD52axbosG3H4Xsm,0
2nHYDKaWCLNGYMPF0mNLCr,0
3Wiq7pU64CJDhq7W44TYft,0
0UdTBg2IUhP5GK8N2xN67O,31
4oHmgneU9dwYoqg0SJSOCf,0
5aSpdEubSdMnRNevctb55H,0
6q9hemM78FDsDJ2CHxpV5N,0
7j56HrjR9cGzvekvZY3Faz,69
14eqkkICgX9BTqL8qykxJ7,0
6BLOGv41SktD5DjhCcqwah,0
1mPPo1eG1joz3HX0Ecw9LL,0
3rfhI32Il2hVRKDkuGeeen,79
6p2l8mki7sBTvF89R3tcBj,34
7sG2bWi2eDtvX9vX8yC1Gn,53
2meEiZKWkiN28gITzFwQo5,3
5t5e19EoXJGGt3l6XNnRgx,0
16zC5e1Sgl1FjEw0zPfG92,0
6LbrOTiIwGukPe7qpbC30l,0
2egKQvoHiCJyHXn8lRlsrl,55
7t8qTDoVozTk6Sn9CMLttT,0
2HJQcyUpmUuvzS5vBAICIc,60
7vRriwrloYVaoAe3a9wJHe,76
38510fWvtOkrFjg2EDkJtT,0
1Hk0QRlUFCHYG6zIvUh0Xd,56
1V3BpCUSyBt9PDZ309652A,41
68pL3hokJXKJ1vJSaEhKr7,41
28vduaXm4uHj01C4Ey7ebe,30
4QPDhJZOme7hpreUuOSLWE,35
6NsxPxFzZ18TKBcTgxX3dh,41
6GTxdh4FiA8XyCLFK1vvgG,39
69bDRy5MeWQl1lNeEJQIBE,49
56urRCfhQX5H3tfGt6q3uU,44
2cs9NbGdcutSqoy0SEmyuY,35
1CpCIb8zybdjskLQRL6rEC,47
7FrQfROirwZQH9YPskADJA,0
7B1Dl3tXqySkB8OPEwVvSu,62
1almCHdsfikRPfVB9VrEdT,70
7xrA11O07xo57Bbg6p4hck,51
0qRZ9ydGdzeVk3S01pLGoJ,0
3LGxef3inmn5jMLGDz9lqw,0
6yrOS1fhNjS9QjhoixoLTl,22
6str6hBCPSjfhSIS4qscDJ,8
3cNjgVBKTJ1SvKhunrCdVy,63
7BdnIXtVhA3cmaGNQtM52o,12
2H4PYDafEuMvHqbkErc0vE,24
4uz1dfMq6nXBputSKnAqRG,0
1Vr0QupON4oPqAc2yqnfjF,0
0B8B8cVRFIG1yznoQe7c9s,0
3JgVSANe9EurifYohsq0MP,0
66Aow5bwWqa9ND3rFilJ6I,37
1sfSPlgRbo15MaQXCkCPgA,33
1sZnQFDHBNr3BRa89NnKo9,0
5wQRNkb7OhzJoT1P0OZ4Rw,44
0JWeXAsgB7Bz9I87hmGpB9,29
3RxPTqpDtIeLBKqInzYjSe,0
3dzZcaOz9vzSjAL0tyOQbv,5
74Ru27B7Jx8mBt5MGvGLLv,0
2sApUgcQQL2m0quuYgq0ec,0
0NXbteSHrnUtx0WJjjWpR9,0
0FOPDqF7FBZwHITfKHMvLK,37
0ooWMXBBZF8GHMyZZKOX7S,2
0SujigeT7cxuxBfhN3eOcp,0
5wbrX8xNwkrNdXf6lBWvP0,46
3ujstzIS9rVc7HlCg0Xwmo,16
1IDgkox263J3wzZOew2ZFR,2
2EjN9jtgovwI8XSYnhoVmf,42
5aTltn3BjxXqxoVfchFLlO,0
1rP7ICGrYCqWYwB7SnblXd,0
2HLMVKzZY1R7elt9aiBmbu,0
5O6ZKhH3DdUtDNrElPHJN6,0
5ZhKq6KBzL1nUNRmdBJdNV,3
0r80urp7Px6kt2oK14lqgh,15
7FbKvU4PI0hodrETCtlRYO,0
0E0Dy8WQLtRD2RBnQHI2ND,4
65Cf9WzO1Uu5jpW92sfAPS,0
2LG8qfrWc1UeViqnGMKnkJ,0
1HGpnAIot58B4mNtfn0arH,3
5o9DZHMGopB2DoSSMTNzQR,0
0z91ZBaC2NvaSOUiIkTupQ,0
54hoWgqeSIk05I79dIPUie,0
5PffvGLh1Wubwf8p4TuPRF,8
4XJHOf2cpjKYnORLdVEjVV,0
1PJaIi4b7JV4QhBy6Obqoy,0
7gVbn4hZgfmrdYaQdOHG3J,0
2vtKU8jxY2EGtd0LrX6bFN,0
1OLNYVZejaOmBJ7ykGnyoG,0
13GAmxYQL8IZMXX8nw6iqP,0
6F54dFod662xOewRyGMuSO,0
2cb9ziFhGYziK7kUR05yMd,0
4lSr9z8OgPLtjJiV2XTgPX,0
1iUuoBWwid5J0DFT4mm2va,14
78RiwNYLfXrqrRdcZI2yPW,0
6jLP8cNg1H7gcy9hn96ZoH,0
5foOyxcGmVKHpPfeOfm9oi,39
5FDn1oWUD5BXL2HCfmCk2F,51
5iQYHpbIv6YABOjTWhs7Zj,0
6sJnrJ60TRri1N9cADnFZy,0
7JlawqjLYtEVVN5SMtJHlU,1
0x0tb8cZvOrJLeTr2GSH1T,15
29Y1EuVknd2d5OjfWgZdHb,0
7uQWtaM6QwPLVTnw2xEXhw,38
4kJsFdyo6y8l1UR5mDMmjN,11
4KtzrgVnGCIOW0S1Lo2mwD,0
6BitZqwsfaxVhoq3LE0vMt,0
4NqKcty3OxYF0S3VXFvbas,0
6ON6ADVu2qwIvUh20sQFps,24
2yWyFT6bW1Rd9cjVvYi4v8,64
4ao36tgMZ2rYHF9w1i9H04,0
275g02peaJ0xX3KtwFUjtW,15
2ueKL2MWoyfg1FnBpHOfbH,0
1jetVXpygCcFXFPKQX0tjA,17
6SJTWpNsVGMcMq7pUwnrvX,17
2zrb5bR877mDlviTWuZZxz,1
6T1GMVEgOkhgVx036WUZyi,0
22M8SqgMTYaDQWV0TeW6Ab,1
2Qd1iViAA4do31s4PzGtYM,2
6v5DKIzAVBVcxvb7BFGGcj,1
7d6c9PjkpsKnLOGPkeeBFU,0
2fTIXzs0M0rqWQpDwl6Hjc,0
44C8CdnMBb5ECdDIPYoTbI,16
5NVzwvGcvbQglXLuO2rVVZ,3
7eue8baVHpPWYisSEcxOv4,0
0Q9VZEgOsyuwBcv3MS4w2J,15
7tMZIvAhnbNzVhzYLAy0QN,0
6IiQkccLYo0RppB9Lv0qiH,0
6VJ8OvHkzRNLP9x1YHBiSw,17
7m6W3WDAi4LqqdHCirBhAm,0
2aAlGJc0REgny9znAOaBsF,36
2jpgqiEmobcvpljK63hthc,0
3vpO4Ew5QGUaLGLZE7kNNd,1
49ZgQp6Ew3jADFvaMrDbHL,2
49rr7j8CCRq5ntOSTScupk,0
1TcNWttaet1eKCwl2p6Qae,25
29Rdysued3nwLlQwmg9R46,44
2bGQA7mDO7mSrBT16zRsHs,11
4oS2Gik6Vo9csv7teQsPoG,1
7c77I2dDkI9CbpPemkBNzO,0
2yAVzRiEQooPEJ9SYx11L3,8
6vcCSOpoIysG2Q90s1gJbe,0
6GGvZbOQmlNTTEQCF7eNXD,0
0F8GTZnlYDOJ8MFoWYfGNA,0
2rHDreGzB2CNwHSA75WRdA,0
2cfdaedLSXAvHRhM4xlU1A,16
59NBXgEzsssLPR4vLRlr6T,0
2NC8pux3FB1tw3n3mv8GZI,0
5prhnDp2J8AYdZd53LFqpP,0
1QzATPy7dwY70jh3WQgp9K,0
7oBVbNiiS1LLWyAKNwlxuj,42
1754ciUra3WO68lTphiTT5,8
0pcFsOq2tH5K0NmbSINzet,0
3DqiRg6o1Sow9aC4zi7Pl1,18
5yENAHspYuILhevCbYhGQ5,0
6aLnbAu5SzXkeIIU0ABMRJ,36
4YYuYs9rwHcjBDQrnUutjQ,0
07fqt6Bl6OLCJ8QiSmkNMC,0
0NakmIDFGJyS1iAXmlVDcJ,2
7rJQiXkPp3sqKV41oK08e1,0
0LQp6qJmYxqjd7qkMQDnqC,62
4E3xcXqrCfywoL2GQ0aayE,30
3XIMC4cHU7Iu4BR5aBU0Oa,10
6IMEaU2ZqaFP3DK4qr2Ial,22
7Ib1fj8HnRmi9WRBpDK6ie,59
4TMSmt6090LcXzcxoEAZV6,13
5RrhrF2WdWsFexwj7LXHvr,1
12wyGF0d1ohSLtJ0wF5Sjy,20
7ezZTiC8Ykmgugu52qxfOR,0
6bxHq66ka9XINFSpEYCkde,44
7xZiL9HRMHGsQgqeQ7dPxw,17
6wCcODFVqZ17uGIJnLf1f6,3
0UyuOPt9naiKaXsO2n7j6h,0
4jKSx7uL18SAO4O432BrTp,30
4JYGpUQlzcO8nWtMGfwtkA,3
4r4aCjakzJQuLo8jejmHV8,9
2g2oTAYblTL3Mxfttwz8WZ,7
6Q7tMRu8cJT1YnBCK6xXBo,25
4zkd33S3lelpqt1lyMD8u8,0
0n7Qqb6srcdrfJcaI69vkp,43
2P4wRFA7ftewX1JdN3On2K,32
7k42DvyuLTo8FIG7pa2n1U,31
6XFwyjiiZwqaMVgK2Ass6i,4
1HHxzXIdk5XJrG8TJHEWq5,47
1QUrLquMWqiLAyvwZasyE5,9
4BtiijJvd3nza8ccIStW7D,2
4h8utjAIt7zY1VoxbC7TZI,10
5IXVY6zjlwu8PgcKc4vQvW,13
0LcN82PW3JQLCnyEQWAFs5,45
0bJDMivi2n8cfFHyafRmwb,0
2UsRV8KFvHaDFUJtzQADAu,35
5bWLHSTjzpoRT3LitHEpRU,11
7dRoKrWenRRyhCbSicZwoA,43
4M2Be8CcaY7AdaHYRHno4n,20
6Mmfn16y9FPXhjvneVFE9e,40
2FMPIU8FdP9kCi5kUCSGnE,25
7rmlHxhHHRQhcIVQgbhuUG,24
7fOSf0ZuZ2XYSXpJcihCZd,32
4df4Nz2trKZfmCtSh2X0KO,26
5qd8e0wxo519K15X2oSmHA,7
79rl05zujFSHHZHD4fKy94,0
0qkWj1yloF3ux5HcgFyQIn,14
2aSMpkN4J6kzgGki14qqmx,20
5kUxWpe43DVTzXW7HiXnre,23
7oyo0Z3NA7fyu79gxXLjtx,22
4qqgGuWpaRy3JN5IC5Jkgi,20
4sWPAwIvUbUgv2CRJn5rGQ,6
2g18NV13Q39dKqfu3yNF5X,24
5jMwi2T2UP57hMPXSsuK4j,0
1L5VP9PWCU5dRzl1bvlFkJ,0
6npqc1zQ9PeUMRiQ8apx15,0
3WKolcmqOziNUdcAnoHCLC,29
1Uf0F7ia0EguZsHhK6PHoY,8
5sfXJ86Ltiw0IGoNIkiEZa,16
0R2wsoAKYVUVOxJrc1jQCN,8
0VfUUuAT8TbTRKbRmlxMMo,0
65baihUWfSYzRLHsu3ckyN,7
3OiEY2VLzrTyCoU8q2SQpe,0
2gtiPRRrYyeHrkuvDnDIR5,22
6BVZyHVBeNkPaLF2e7G0c1,0
2hkZW3Vo9qhkJ0NNYjWtnE,20
03Rpzge4Uc1lGZ3mrcZfPr,0
3dmMyqDdULDoKFTgEqQ9QC,38
7oEKbx2bH88Mkcurwo0pfR,0
0D1ZKHo1jI0gzOWZGhlyv3,0
2SibYBeKjhlW7gv5Aqx0Nm,21
6MLvUL2dYphJTwgiBvuJ1J,44
5xYUKr79Z9SYRVdOkI1UAO,30
1FXlhqcYaiw6KuUYtXdtAi,0
0lgHrv9qcVhwII3aW9aMZJ,35
7HQXmaJZclCLRlB2pCcUB5,0
2PHQr9JMiepZ1GRh4wWxpg,0
2LcQebtolx6SwZS4zeHWWt,47
3INXpDccsydV1k0n9z6NcM,0
0zXXIn5E5lGEK9fMWiJi4r,19
2rNUCjocmu9sBCI4Ab9vOP,26
5W9kEBSWZjqfl41flVvWwl,0
5F9MTKbl71pDkHVpbyXjwK,0
35KNVXfDELwHrfv1GCgcRl,1
7rAQZ0mdeXZWnYIHK9ApKh,26
4nAN5NfNT2eLgmsAa0Xm6w,0
1zSvtJuLilEf5923MMNQoH,23
0aeWKYzI9M0mho8ayox81x,0
0CEIJwqzXmmWNKDV8NFw60,0
4cJXV6VDNDfDsMIbgGR6x1,0
7Fr0eqmSwAscOmzDCJ3yAF,38
3AuwQgYPWGbwIODrflufbF,16
3oHVwd7algLocPL4SY62MO,42
1aosXPBgRredZfKkuaIg6V,0
3haIVEYCzkPb5pwTzbEFDE,26
3MkuFR7t25mu7Iscp6GGiV,55
77JurUHSxj6ielBGs2DKvx,0
4dHuU8wSvtek4sxRGoDLpf,0
4YmxakmVsl3YtvNFrB9ih3,29
2GnVUTHqvJp9GmttayGUqM,0
2wQ411UQL2MRsdAgPRUstT,65
2lYTJK94hb0fd1LQtb6Dhk,53
6ZgNHo2VF3Nv3gBqn131xJ,0
55DWZ04d9zY2N7Nr9xyzt0,0
41lGFu6MDXGoLWSfEWwEEW,42
3IsCTVfdFpZyKNkH6mFGlf,20
72VWeN4sOkXy6ctgm1pSKV,29
07F7zczrjCccG67nrFl3ai,0
3xozZw4YNCv777ONrbdHsy,0
798z16wkkz6CNMCPhOdBpe,6
37gOHEKsQsdAsHU78lsniu,36
6kXFm8Qbb2B3eLjzUIIc2m,0
5tjOwSihWiylLoe7HC0z6f,36
5gHVwl34709JVv9gEwwlYT,33
0tgbSxoFjZ20MjfoKwWevV,52
5dNz40RCuzyisn5KJSYMWz,11
6c10v48tyOC1d2Cz9TqOJr,0
6ojB2hju8xzz37udneSLh4,9
6fD9YOaHc5Wt4a5X5KYNXF,0
5ETRYg14nPQtgoNrjvW4eY,0
2VV0eDxSkOhjZFrGsgT0Ip,0
5vsRm2aCBl5T2qdpvwtrf6,41
0UMLejbZXf7YVgnfxURvVr,0
6W84IrImCzWb6DISg7sI5j,31
4CKkgaaGV8t0s39wM1HEg0,32
5JCZ1e1ahbCkzwX62BbsY7,0
4st7YJoFrdiQPKMZZ4Nv1l,20
1s82u8aaERDyKAyt2vyhQr,37
7iT98FhZ7BAE8xdCxBlw55,41
54vsmEMKau5ZkZay3MsIJk,0
4NX8PJipAbrVIP8QKm7SCG,0
744SNiN62VsaMyjb3yVABh,0
0ez8HT7qqmwMd9wY7PUAuW,0
63rp9mfpShJ5mQZGhkcJAT,0
11BHx1QpCJVGKLQZiRB7xk,0
2jsAHZGakfDRa8vNcpTNg7,0
3gz9yz2nmD3vpxWRYqZJ2B,6
1XnihEe69BExqJwlKxQBU6,16
0jV2HSzU144aRkPJ198PpC,0
0nNQREPJzN9tn9rJumDOHt,22
7mSzGfqRC1GI8fTpRkhnwz,10
7J9kqM3KFem6P3uSsyitIZ,41
1e9Tp6Zul9XKLTGiLoGY5D,5
3KdBtE7WxM0MgubmuS6VkV,3
52H18LsAjtvRnfYJDZhw2c,6
5Yo9g1Yae7jwZm0OrPptdR,0
4GJAd1nBylAEbw1dZDVzEQ,38
4Df6RCPoJkH3YotB6Tu6vy,0
4f93Mp50HQQDGdfCc1xIri,0
4BKlUinuIllRwKce1DAY0P,41
35IvqtoxYL3H9qB3hSQUES,5
1lHfoSaHIh9dLpFAFCppoO,0
2OALaHcDdKkjYEpAr0Qzab,47
7p0nLpkKaAeebJ1SIP46HM,39
7E7GcJmN5pQTYBitvxkNVX,0
3X3gW2FslwjwOEFaFnXNS6,42
2ExlSdTZznOqrhS7tkUQxA,0
7M1T8Akk55VC3aKPWXqRKH,0
6KZXoZkBuLQbyCylfKdZoF,21
7nKXTcZnqvXPHJBbHQv3nI,0
4eVTihvGuiAKIaTgAQGSrh,43
7tXmBBgT63vF4Y30Aq8PrO,20
2O82Jrg4VZUMt2X2aLn9It,0
2c7tRaTDPhcnbmjV98hAdR,33
2QVWfRV6tHKgK0RoWaIrcK,0
7oV8KkpD0AhguT71yGhudj,0
7pnZkR6kXtw6pux5e6BU3Y,0
1eEcczoYRdCqV6uNwyuBi2,0
4l7VZQZ8ycQFqMPFTTsLgv,0
3qyeNnFY67zX6VmmIbzPsL,0
1iKAqAjcu5PXGK9opAfPFZ,15
4BO8XzGRfQ7ztVuNqPmXld,0
3BHTzGmsJK5Ii4Mpot1E5q,17
6vPJvkEuWZPcv58NnQ3dBR,56
0OFmQibAX7T4XrrMcnuwTL,0
1cUpEm1QZCGX5f6ef48Ypg,20
5CpldGjMdG317QwFCJFkH9,0
1Ew3CCat8okts5yG4I5LpA,25
5JKU2tXiG3yvJtefNwe7ZQ,0
2FFqH70q48dTnd5W3sGaXH,11
5hvXP3n724pq9Cx0FR3AAY,0
4naD3Z46JeARWoMA2Sj2Gc,0
5BAsu5rqza00870P0jerpU,0
6lheVNyIjiezy9IgLfWqq6,0
2hZfSXDhitRcQcFtfRDF8g,0
7cJrKnY92wNRHUoxPXbJch,0
6Ql2zottUCdssQReAE24E4,0
1qnouylcPAW3rtxGlVrGzi,0
1dgXdQLDzRujGDkGsxSY1I,0
4ws8N7TXATp8OcLvSVKwxz,0
73hvFhdJiZNtjftb70pe3n,0
3KIYGBcEJbDP9gfUqPK14i,0
6eHdpP7niG0wzF21ZpFFFD,0
3yZAuRxvWRQHl79e7Vc6Vw,0
50VJbcihiDPUOOg7mGbbH4,0
1VPWWa0fSUk8AZGYtEm9ht,0
4F6P9kNwtx25mqH1NJqfYY,3
09Esxq6Hmjdw9ppzwaM7eK,2
1xdX1w6KGFO9loueFixYVB,0
2IZtwLNkaDOTV2nHpaj9MZ,0
4ozIyPaX6GTHPinyqlL3Lh,0
6XtOpnP7gitKdibHXylwsC,0
0xZ7C5VZhuXUYz5NWQ8tuL,0
0AhRPDuVwHkLAACbPXidb3,2
7cp218nv8texlR1np8sdSo,0
74eDdfWtlPPhjsRstBXUBc,32
6FK30xkkZbphGrDKfjeYNo,0
4AYsLrH5JLzVh7VuaQDTWt,0
3zKJTDUeyoXw629NyVqHsb,0
51oDtZTbpNhJbeyeIrI0ke,0
1D00XtwJIPy2k4Lj6Mfraj,0
3iaKwZaluM9WgqykqM9P9a,0
05hHF3hPdWPl3GnGdzsqMd,0
4YFDRs9uRdbFayOnIHBvXs,0
6mCR84oWk19XCfGTCL9Wee,0
7zBn162i52sKTHfL6KNYCP,0
4JwOG0JBh7HEJIlZb9OXSn,0
5nHJ7nKaaOJfckQo2CZABL,0
2MPxWQdCMjdZheBI4ytaW6,0
57eBUbZExwLfwmPtpWcaGY,0
753Iu3NzP9gFKxcsHbm3aj,22
528BT7OzZBbiO6ShfVy8Wr,0
0sIHrC7EVkuACId9vtmk0Y,0
39bI5C5wV8bgdCFKD2v8kc,0
4Q2lYQYg4qGsDtuuiUY3Bq,0
10Ti4UfalVKxWTYNGl9coi,0
08Erw82oA0xZUnSMOxNvN7,22
5mW2TMTLAlnTqY2uIwHrC9,0
4IWLawtdMznqdOnbOR9cWW,42
6E1yur0bYgdtglwppq67WN,0
7uUGrpHqKhVrAddGEuxqhR,0
7ksPvLY8VTHjUy0DCbJpTO,0
42tSvpy2XA7dWoHy5Ayd2z,0
5moQ2JNpgLALsYDdqqLL1M,0
2jI7aQIz5QmbJtzvDiHP2j,0
2gM6K0OQQF4YG6b3fNfga5,0
1utgvgH6EILo3yRCYvtO6q,0
059seYDUmCUfv4KsB5Jc6H,32
44SY0lrgMUDjPf9ltY7XW5,0
1Uwifcxnhi8eyYBYV6wQh4,0
3r7kx6SylBJsVrvTZ2qXuT,0
05jSQ5KtllbYQThxoijInP,11
1m6vqjte0RjzFwOMou7CNs,31
2G2yZspUEByEgiGCAAW3ue,0
4gjrsP1Tmrqh1IiHhMXQm5,0
1nHvUtf7NJBH1WzChz2PkP,2
4FRBAscoGnKAMa9Ttf9LCp,0
1CUYpY3GpRNkKnn3cEQ2nK,35
4IZ3MnAnB0tGUlPEfpMCVd,0
6z4fzsy24FYfWiROOBgPGi,7
6El4guLHqCd3PG9X9yJRSz,27
2t5MXbc4x6anzAzq0XmtBN,0
5uQk4fZO52goTrjVTvX8F3,0
7wnjdaPLgg6DJ2WVCW2CYb,0
6T88yq0DaaC1ctDsHw620y,42
2brkLaFwHvbnYqM0VnK06t,0
5awjE8FeoXoR9aMcJZijcR,0
3LKQp6MaJiwH7MvbXXyw1C,0
08uJ2Bg5TLDLHTDB6aoK2d,0
6xlIXf33A98QyIE0cOskrG,0
6SmOzKRl3SXZ9t0NdNgaRz,0
6CYmEmEfJ2cqVaNRNu5ADX,6
7gX8GB0EA0urB0wtkzkZAY,12
3NkjZjZJLoiH03E70qs8xe,0
02mJtllR8CoskckLlrirNV,7
0CJzVKPtJaeOt76jO3PpbZ,0
3Wb4T8OJg4obJNBMUYgfPm,0
1R3nV5v3sJNir18oAs9Lz3,0
7mQNkwgbn2ynZkqddrL6Av,0
1c6WvcGhLnOCjxFNOvQ2k6,0
2l6OSPrtmrcXMLdBbzD6JG,0
3vfaGivcodZ2Uan3wSr0Jd,6
0KAqzG4LpLy3u6Uz8kf4GN,0
1hc9od6jS3KsR66n6T9vKo,0
21AXeVnZaOIIZjxTssAcAx,0
4rPNlXjFSkaZF1tnjdV04C,32
04ahbsJ3AfLwTOXeIimwdH,0
7CTFHf1K6ZuzHANR7g1xk7,31
0uvUzG3kHn48Jqx6o0eUdb,39
7rSnhSbdCeyZh8WaIJTt64,38
1dssHOp3HpaK9o5c0CL7xU,0
6EmewKNvq0nc7ZHCyjRKmb,0
6fdcnObJjnKGeT8JIdjLbg,0
2yAOaUhMCX7irO3N1ygHs4,35
06lUC60bYItTvFWGuEKyvt,34
6EJMN1wW6ciSAB57yRLErU,25
5e45GhSF18JYoLpaq2F48h,59
6Un7ZG5lDClgNoNNapCoDX,32
2XTmGOFMklOUffBmovTUjo,23
4zE92C6JrkBvtK1aj8SOfW,24
3LewMbGqmR4IYtifSNxbGz,36
0SvTKEBT6vWVqQuEAd1A6w,38
5dJw4bL9BziBStitvelyAS,0
3ghuZcBkziLf0HU8TktqM4,24
5SkdlJ2J6jc5M0tYlcG4vf,36
3JUxU3KohteqkLk9BOpQ1c,0
2xBld9v8saAQRZGXIO8Y1q,13
6rMwYjoFvxKiaEH4If8ZpZ,45
5xFZiW98mwT5S3mh8O9BUt,39
3s2eG9xSDGyd705tT0hD43,0
0JGxsfTrLhkhGCJKdLvyuL,0
07zLmWhKSWvJ6ZRdv5L9kE,0
74O9npfj7FDvH0quYbBeQ3,0
0soq8hqqNs71XDX86pqgEr,31
1m1b7GOZ2dh3UMI9NHkIei,0
7goEhBKmIg0mrJSJUTkiag,0
30VTJiTxEheAaHW4jayPW3,0
5qGm4fh5w7VLeAry2SSHqG,10
3AIhMz45wSABZwDlncsG0N,4
0FxomHtkPOtomL1BQWsy3b,3
0t6NrHyr4HSXZRM1sKQnx2,3
4zqdwKxXUQm2NR2HeJEydf,3
25ZBQm6D2CPdc36Ftlz69r,15
4YxbqoVD8uMYOJbxlNfRlS,5
2xhEvRpCNWVHylbbH9Zwnm,5
6Vn1LjyhzU7mXOtTYzBKkQ,6
7AtvZVWQPO2AWHKEZnTqYO,0
2kg9AijbBp9HrXjlxByPT3,6
0HT6YGHjXKNvnTjGGtur3j,39
1UtuByJ5cPWGMPBH0oCZF1,22
0Dxyq4az0B1fUbQWFs8Fct,0
3qLNrqE1uED102WDOqAIhl,16
64HH8QusEYZYm3wZEplgn9,23
7d925XvWGIlD2o5Oa08vri,0
753pbo7JqZJ7Ahh7JuhEvC,4
4Rd3IGR94ZgUENKYyXhdcz,0
4fjOfG50zDutoKWLZBzKGs,4
6bE08OlUNi3c4HTwr4Ho38,4
3xmHwSfXvnqd74HjQHtMoz,0
09gFwNPx8KlrXXDTbVXGtt,10
1hl2Nq6SaJnAlQNTPESgzj,5
4WT6km9Pid9gZGGV6MOF49,9
5zZvgHSIf6mroLuK5eOrQB,5
2midpwMVV7r9XQj3K7Vu7X,0
78yFjzVN3cgw6ivBSz3Ij3,0
7oVZQdqBAuahoHZHfbEf6u,28
0TO6WzsGeyBsSZhHv9PemG,0
45PzJFqYNWpJVmd57pbEJO,0
6mliwuV9vyGVBv2LnDdMsT,0
714OF8bTAhS6TlN1Kq7tjU,0
62Q3VmZXvsy09Dgc91IY1F,0
04krZOd9RFz1XyqJvfkNBz,0
2M9LXjZXDA2rxedIjl2AaM,0
6b4A9H1olYuc6J9p9mM1pJ,0
273poy5BHtv5YFedkWIqwj,1
0U7sbXtHiRvvJPIv3xvDpt,2
1omHCWuWEH9TV0SmZiiLev,0
0oR9XRneKUIefSfy5y0IJ8,0
1vg19ggPSDALJKVdzvEvl3,0
79wzG8yL80XD3nMgfdnNRs,0
3FzaEeKNDpK5jXcejhGRP8,0
7k6phfGndOSCfL4TZRtLft,43
1mHdnrcPMlhwFqMrsS9Kbx,49
3Ipgo2twyvBySMwsTzunlH,0
5zs6OH39oYJCwNEFSCkhRg,0
5yaGDSfEvvmmLl4yJBIRa6,0
1kMbnpk6ep86gPJu3YDYyF,0
0khEl3BL0he8e37UgfXHql,0
0fBzgsaU1cDoS5dFI34dSB,0
2LDNyat9mjdt72l2sBL49e,0
5esTnUp3cLgKsU2Etci2Ao,49
04C8gJkGXkp1A8ZzQiOoBi,26
4qGZllhHMvoUKzYieScTvv,29
0qsQZDAZIGsbGmYEMfhTSC,47
1np1H7mh6iUZhdBhkh3QIo,0
5gC2aJwuSzGe3IJVlk9r2O,1
0QHgoeTQNQmyA1bNoUhZD3,43
2zZetesGCUQ1vlr0lNDxct,0
4rS4K30qVDExdjeU4feF4c,57
16edYoyGWlfItCbNWd6zOB,32
02DbLFxhUqFz4QoM1Qxll9,0
4YlTYB5nNlLfv3PVoCeYYO,0
0BfQLCJzAXxvKsMDcinyDv,0
11n9WYjhFVNwzfHtyTBZ8m,35
4lteGaLzU5veJOe6wnOvz4,47
6RewYu2hTmEuiSRSGUTPH5,0
7uIKTNMTtL1Ssmt4NpJTjk,25
1Mh02QTsvMPfQAZ2dTIIiO,0
7Hqk2UdLJjeOAf0x35HnNl,0
2pTwZJrSQK3IwmLRrXulY1,17
1wPuzroWKHgRcilvHUZNen,41
0xWRZHmgpe4iGNnxV96xZj,38
3WbscWz4aaobZf7rt3ap2L,0
1zaigPe4NB94tc4CRshK46,40
0hldD2VlgyUsxGBUGnxclQ,0
1Ox9dKyAqagCJlyoTJyrmv,0
52sIqimcMnHk9aZdjkBkRO,20
16DbWJjXzgIW1NPgy8hHqO,19
6TjOUHBzLfcjFOEJWNGhJ1,0
1YXZUxazSjL6ylJR5Fft7h,0
4mT5I3PjPcZXgA0P7SaxI6,35
1u6p4l8ts3RvSUI3M1IN35,0
2mCLc4lZjbpcpXgNBrC5lY,43
4ncFRft2xEs4kanULQjaOz,47
3uzebsHzwFBBYTd2qFPRh9,0
3nFJbZCHP4d9vduKjJLdBL,74
1N2EDBNjUe6PK3VtTAKj2N,0
0qJDy1QsmmnZt343XTzxQd,1
6iQ3CY4T3RvkQnN3N3t343,0
5gpM9XBFoo69D2gWi461z7,0
0UdsdpIbsXmUR71z91YinG,6
0C1yeFcOgpf3CazL5DhTQt,21
29KhwCm9aTWFZzAClsbOSF,31
5CMzNnyno6YwqjqYGpyVGH,0
26m6wCMQ244fhbHGr6ihDc,33
4cJxvVC1pp010FJM1v4ssx,23
2d6qTH3HKGwn75lpRtaEA1,0
4egymkz3Sz1R4kPVAaW5on,23
4L60ULqvJpqFReaNwmq8F0,47
2aNOkWge7L1IubHjS9dkgL,25
2bflwesbh5cKt0d9CxXPO7,21
0h9xxCoXw2LkdJG9pR79RN,35
4KUjFjNDceEqIkab8CwADY,0
2jx9VNmPInE1d2m2T9eotT,0
0M2dqeUpxBGm8vujMTMhMV,0
22rdYlfxsz8QFXDIoA61Uu,0
4uVrL4P0nnH8QcRAQaCndD,12
1vpnRm7d5gJqCjSnrgTiT2,33
3i62KHZyroYxfwNXWVbQfh,0
26kBtkZT0CAFLn7J0mLkNa,39
2QuSUJTRJMzWssW9nXPGcf,35
2f63FfjixxnXfQhEZJcrOr,0
041RKnQpbVpDuSRtg231un,26
3xOusUj1kekqnSTDbvML9a,0
71gTkwpgxUPXuiWRSxSuSi,19
6USokOqYd8YPJcRRsQblkK,0
4KFfMzAAxzkpcf3YnKFLqA,0
55vTzLqSKvqLh7jiQKYnW5,7
2OaI1UeaumL98DIrjHgFhE,2
7uKjjI2a4Ia8nHKzgdya1y,51
01auWCuHXubb8KPZ0IXF4S,31
0gAzbmv09r6JwHUKWl1xkz,47
7M2t0mMSjLJSweu8BwrY2R,41
40yIp7jGQGOgbfrnGO5D59,37
26sHC8M6jrhNjlCDz01eAZ,33
7aTZfgVUaPb16KzMn2Xfxi,6
5RM6SOuQJePOl5C8ebF8X9,0
18PergoIrGmRyeYxnaXJN2,2
3Q7kjtIFCyZX0X9Dwk4gTQ,0
4WgM2becr135oJ7DfVNaCd,6
4tnwr1Z0YTGCT8PohX0pKg,38
2EZkYoVDEfPEcjRBkZJc2Z,0
4J6x16eeV9RvCglUuTLFZ1,32
3u18DwDsN8r88M3Tf0McAc,0
08ZcJN45zSSzemGG6FirCv,34
3Lafcv0e7seIvJ3tNUxBzd,0
7lPYeA9mG7nsokze71Da2L,18
2suFmuGiImluGE4yuFms6Z,0
4soJPaN3etpZC72tHZztw3,53
5HJqLDDjgdhON8LL9U3Oa3,0
0NgvcpMVBHVq47GehFT5IX,39
46rZgRYU1H5Xnv0n75OGis,1
3UBzGFV2X3AuNbbhUrsqJS,20
5wlscxWc7OyrsE22xToo1N,35
5QO36B9kCFQdxKRRjkIrQD,45
2bsyecmZCgdlsCZ3sWVZ99,53
4cEi62EpOgyLX5N3ewGOjG,27
7aYZjL07UcAHU47UHUQ46T,24
0t8IykpcRcBmJj5Qvgfj7w,34
15Y8RmICSiuyC1wsfatiFg,0
1npLDMtVJBrFMG4aH6vMwp,0
2XtxcDeJKfsW5J2gSOAVb9,0
7KQLl5FPTjF4gY6AMzOFjA,10
0RlRoQwro0aIKMJct9TKTW,36
3i9Tr3Vp2gjT8EsVKGt1N3,39
3qPXWPkEZgUhUgPifbE99z,59
4D5uw4lzpyBIwA54NmjFND,49
4d3UnYs8dRDDd93MVaoj74,50
1HNw0UDRME6a7Mo19R2hsq,38
4BlAlQdKjigrkeHhkRHmK8,0
2CvJWExr9lCM9XZwtIVgh3,26
4M7SrIipGsy5pg9tSuoCuy,32
3LmiKN6q3OwFD3sV8rhkk2,19
1ZpJxEtDosmTlR7smB6ZDF,45
5CRL9eOFtC2wV1LhVllrqP,0
70mkLFWSI7m32pryOXcjsl,0
4SmUpgxG3F2hCEMYlmCrZC,19
4qYRcXSffrqdspYQqt7LnA,0
4Z1PxG6UTqVhsc6SzjBip7,19
5DLOUyuh807yGlUPgUhj0c,0
0gvEwZgcMsCWmF00dZZCjw,0
1l6toHbpPoJr2RdnDkBn97,23
6A02xVNlSFtKqKxHWILye1,0
3cc0xXhN0KMcBQaUzGEEOv,15
7wI7vVQd34lK21uuHLIzog,0
0zAJB1e7CSOcYyFuF1Ey8O,0
3tDRu7QhSQ2tV2fjK3UCXx,0
5jyUBKpmaH670zrXrE0wmO,69
2tW2Kn1IGFFVfRVnQE2UaQ,3
5xZD3yLZ31r1z0GcdKfsyr,41
23WgvD1nf7ZW4ehljudfbi,36
1wjnBlO0JevbBAUlOBlwxg,32
1Y4oU6y3FTu2mO8EPu7FgA,40
4s2DV3XsCXMN09Wx0E8kCU,0
7LGrlydlwonTN6iz8x5ASe,34
5v54ZQ0glzbB9XUPTaX0cj,1
7jcpgrFEPvZLEBswLpiSLn,0
5ng9duWuWbHlwviFSh5Vqx,51
6dfXwa0dI1sBm4CIePuOYM,1
5CYJB5Md92kvcrZ4lJDALY,57
5Z1x5bcY08XnoUxRJKAHZv,36
2HUrnrn2N9XQvbvnDh5jPU,0
2o1F0b0NCGabe7BbLNqe5J,0
5Uo7AAr2d1CNZlaKgVUT3i,39
3qZkpG7RW81clweFyefCe2,0
4c7j8yZNruvUHxO3tFC3cZ,11
5pVk15sR3OgIeKBKqG9jWw,46
2ToIksTPpJ4csKPEOdUEyM,60
0OvK0gHZfgJnIP1zopELq0,0
1R6SFQVLcAe3Og6NA83fGR,0
4YfyFFQT3C2DmJAO8bZPRy,37
0WZVGXO8FYpK8v1IDxlOyE,50
16SsiQFVS2ZyxqqF5OB7m8,23
1M9VOufdrCQS1SrsfbjznO,24
6q3xjpQ2c3EwTdk5WvToyA,0
5JKxXqoAkUSKKy61IVT4Re,0
4XyxWlF0vdNR4mhAugHSvm,0
302EKDbJHAXl7qQYugIlwB,0
5kj0QS2Eh0c4MKMvfBDij2,0
51a1wa8wjHt2fr5dhUbRQI,24
19Y4ZNlzPqgmWyF4qK3BSq,0
7sCIdsYQ8Nxoj6TjB1Eb7P,0
64VzxgaIpjB52YUtsF9St7,43
4jEB3KAsjmNSQGQmQk4Ii8,48
7hiWfpJWJI2OK5YY6Balyb,0
7aYOtQBTlk1ahqTp8o8QYj,0
0VffaI2jwQknRrxpECYHsF,63
6VojEZ0JFIHeKqjtQL5kjR,0
69mlHIPayAZVzC32RaVty5,38
1A8IL2dEbiyPqhwZsCaVrD,0
4dSUq6XjY2Z7X3IdyR0Aig,0
5ZFVacinyPxz19eK2vTodL,45
1JsbFVFHNIi7kAhlpxDLhV,0
5nk6b8nlvEZIZETghQf8MQ,0
6R1GlQpaj56FmXF0VgdLxs,0
4RX1akxesJEFSvStbMQnop,17
47hDIt4YJZ0v01TgKsaXaE,26
0p4uX3ggGB11wUbOFz4WY5,26
2vdVPrisNiFpq59zuur2my,0
6UEJtAnGHnK5tVhoPHD6tU,47
72yrTOnehmi3S82axqhEkF,30
4owHUY35pdaxpH6UeqGjJ3,0
3B0YejTqwvGvUPrD0MAngl,0
3YFAjMbTAyOvrnzmsGK8Zq,30
3bUbOOpXfkdDlXg5iPGdJC,39
3AGLOhr2OxxIrke1eIh1PN,0
3BCHalsHVhqiOxLH7ZXIrs,30
7LzahanKFAWdfrqKEjiUli,8
2c8RzaJ9VOLQfIzAT0JDVj,0
6BDTqdiitPRU8C23zThBV0,0
4SiVkNBA2tSNoqJF3NCrBw,0
7qDz6mBwymAFci5Fqe10oA,6
6CNscPXOoE9fln0ShewnaB,0
7wlaVywCcTcSu4ERPIvWiB,0
4tbcI10LRvbqHR8Lbl2oEh,0
08j39t4KwPnn0Ak7Axd1bV,0
0ZLMVZ5rMD4S7xV8ny6dfg,0
2mIt95EAvFcZrDk0g4bA5b,0
7nuPjNAEL3qcEUcZre7rJF,37
32a2n4NPXhH3OI06VPLwTA,21
77150VeZyBgJ4tpkiXglQ8,20
5WZlcp0VzfkcD5E8qAwPFD,6
7aTSCoasyZtoTFUPgG5SOC,0
1wdqv5VdrES0w8Xl4bNFrS,19
5WZspTYSdaHNf0SBeVFIZ6,0
2FkMblDPYXfRedlZPQVtda,0
6ZkhOGgTomIDYExfQGf6ia,0
7tNZ7fwqMXv2e00V5f0H6v,7
2RMDuVUNeFKB98siFzFTNz,0
3wfTRSJ8auYo57lP4WBPsg,2
4dIkHV4q9I6t5l8rgzmxto,19
4ESkY4RODeLVho9uaIwOYa,1
2yR1PWuxh7kmuSPF8wKftn,0
10hzmHJ08ua88sPy5RIxiL,2
30dRw8QaJTShIq4QwACoEq,2
7vx7HOQC2qn5L7Qj4NXSmd,2
4obG9Fz6AECFXQb12MeMRz,0
4j6BcyceyKxf8cDKvzd7N7,14
2z5n0r84oDdnwTZ76tCC1B,0
4u4RwdaxuHLx35GUTR0YXv,0
6OOXd45IhCNpmbwH3qxMva,0
1seF5FpRtNXsmNxlEDDxuN,0
5ucfLeGN737G44fY41Io6L,0
6yDszaG98JDXGnl9y5371s,0
4QOwMzmKevNWtm4Svas2qq,11
4sabZStEJHsz88F2PLQYfz,0
1u5UFtCeZ0qMimqCTMgTDI,15
1AjMPcCozc1lWAkgnT2Vot,1
0vCgSsENZSvWEQpXefVdnM,0
75Mdxidet9XgTS9KDZxLOV,20
527BJf6rzamNYjWkpcDexu,0
0aCHrytmso2Y8tVrrFB4Kz,0
03luBoYUGOMJJvAhhjeGfy,0
6pMYDy4Ll1zjOfPnCPJS8s,3
1GjbFTI8ygyaChrfkKM7Qm,0
6rg36Oftq44sszWXRdwcEG,0
3UbNvj9yITK9YIRaTXpNaz,0
0Sg60WmleB9HyC9lIi1O0X,15
0RXu2YMEMLQPhtP1tbsj5W,0
4UO8h4KK8vBp57QYyzMLsa,0
7ED3uOQG04MNMzhEHca0Hc,0
36wyqgGcoaBYC4Lx16Yjtn,0
1zTNFyV3WDRv4v80fP9lWq,0
4vpH2O7cO1JuAASGpmgXJj,0
5BtDhaG1ggRGBPvKi9eVUz,0
0LlegggXrmrZ0zOtJvdb5Q,0
7Bea7OKjGuL9SUEmuZZbDQ,0
3aHltFw086oJL8ZShJdYak,0
5a6kWsBE18KAJGG3gF2nUU,46
2XRF2r3fUoqMZxGfY9XvbL,12
7prH5ApalzmfFJTvXDbvK8,13
02yLzMazdCqRGUDcW1cbxC,17
4DKYJTdI17SlxPiwq22DHv,0
6YS7VCWyWMzIXsYAniwsnF,0
64qR1c346RgygCkO5Eua4k,7
42iJJMoL4z1GASlLmC3eYJ,0
1yV7pm9O3dsM4WvSJnnMcQ,0
3hM1VFXNCbxGOwW5I2MDVv,0
0WmhLJDwhTcK2L3eLubhfy,1
0aiTOExNSb5MPyhPKBBTzb,0
2cDx8lvceogN0Gs8epmRLD,20
3EaMErOuOXE1YZ4xyTW4cp,6
0oKP5nVFcxxFO6wfj4JMvU,0
67ipsEiJjlqk8H2eybkl83,0
6gZg7qAorMjHKyrOmrLzaB,0
0FkJJ4aMZjv2e5bA0e92cv,0
20feEQvRVHKzBfH9FflFoR,2
6DWieHiQjeX4k3OtDDuSxg,0
3vhVkadU3ZY7shjlzRaL8V,0
28O4PwkH8bzARStxeL4pxL,1
39I1EJfi3wODazQm8evBLY,0
295S7gwCYDOein2KCaylCL,0
2m9FaaFeLhjsWChEMDSczD,0
3ZyXzwhXnbrExc5e7QFCBi,0
2UZg72arY3xFECBXjfHqRI,0
4kHwYiQ6nDHgEBRSEdKLzH,0
0adV20LcO8lHO8BOn0TYlR,0
5PXYxcgAbE8cNX7SbQIPw4,0
4uPGRSEYtAeKgdRQtveMnP,0
50NZkFTd5kUVSZMK9BZuMw,15
5T8xgQOJG0Np9Py7HKD5vx,0
5uEdRMxRDaWOA4ZWMOEKM1,0
2gtEGntMPE9byfiTa2pRpr,0
1HzTvjlL2z1ok5QzfDvPrp,0
0eq2B9lsa8hhyYLzxPOnLl,11
2WeikUUAqpBK928IX5hZBu,0
3Un5EZBO3kkLaFwwEYOm1M,0
0qYvQq3RCHgdJ4XrezSsxs,0
37YWwmlRl1GonSwjRuOiEq,49
6kGN5iQE2LjfYMcMbQKNJ7,1
08Y6dmhngVoaN2TNECHuDZ,23
2zCW30TJznvDp6tBhAAIHC,14
2lh9soK7hK8t2tEZbOLtV7,0
3HFR7F0YZ3OW6PCpkfglIt,5
1UdrrivJs5pW7WqKbUlDgl,0
5ceSSr7aalKMDmrqJKJw5a,0
5wH0WgmowRwJOhVUZE9miS,0
1kwc2OfoPmmUMntO9aCT4N,19
6AdxDoU5PNTWRmtWLu0ShI,0
3TiXrt5ui8TDJ36ENbZM3P,0
0Ax7dxc1Moc2DXsBhtntOu,0
18GRAKN6GCfB5PBOrEdxjb,0
6EUzZEmeWh8U2074VRu1mp,0
3Rx0EJrqN0EDoy20YVxQfv,0
23viwliRcltCLEi5bffwRJ,7
2WFOLhpZmDGhl1xmwIIZrJ,21
7CTyBvcRHWso8oUcvyNkLt,39
52jHZXtW03EI5qCv3NKg1E,0
6x1tIXwIYbgfK8IyGIGHJn,0
3ZTA6cOCUQl1m5yIKmpIES,0
0eXU92qkEfIWu4SQOILFU3,0
0AGh7lxZOWUhLL0FqrXHjX,0
7kQh2gBStbgIwGbEqidYEC,21
1q10vaIw9wvV9wG4ffze0e,0
04hFLMBiGOrTeuZBVnCGhh,0
2Ftt3n4Xd2ey462C1Uueco,0
0MxYuLXaIl6x66O3grztvG,0
1ErxYgPmGTqXdjMBGj9JXh,0
42Lxl8eyX63jhXXQvhDRXX,0
401W6rIXDVWAzAK5rKILf7,0
6tsVz2hHJD9S8Z1Z3hr1b8,16
2KrJDONq4Hq1JKlmvQe22H,0
3lVW4iUtV7XxZXAER3Z3Ry,0
1tEDlKg1Rmv9sE6z1XR6Vy,0
6Qp0IqPJEgQt3fKjaCRq1w,0
3hgFwotX5fCegIUb49jQem,0
4w2QwW8cP8Wtod76dFg6QA,0
5u4gHi1Uj5nerTGExzadrJ,0
6ScGFNxhQPaVuvlzjSQrd1,0
20aVBPxjn2KhxUOa8ux8dv,14
1JDZxqyqcJTN9iAXJ836iP,9
2iwptWnvaDXd7RIOsSu6DG,0
1UGHrL3vGAEOKdx7I6LWUq,0
085JBuPwP0YbPgc2t6Lscc,33
2PLRrQ8oASLJIxw2mwOvh6,0
2KMXGcEw6Ub853iURlha9f,0
4r0q8fMOqR3Y3pUptDTsnT,0
1PmU8dWoCrO7JUS4nNzRO9,17
6i6kwBVJtYHWzb2AoNIb8u,0
4U85CdKbJSdYJL0nfnO0Ll,0
2woaV6TipRu2NDgmiH4JT5,0
1gffhRjfnqS15GSMuMbtqP,0
1NHEUZMpoReYeWLOICMQyl,28
7cDOKBOHmq3mcEQvMydiVG,3
3hfDl12AHis9jgRi5wMqFo,0
3E5I51qj8g7aG5e7oIccpi,0
5n3MFr79a5R7BtwsMfq1dE,0
2DRk66DsTtDrUsCEOmvQaq,0
1ne0g8iUXfFdxNx55Onxz2,0
1e06p7H8vV3pitwURVdipU,0
7hldl207cyjCsldUi3rKtn,8
7gg0ogHVW2s7JKZoAOSGWB,0
2TK4XCafmUR9NI0AOCAflo,0
1GNILHmZkkjTUDXuDDKw24,0
2ex8jWyy3ewSdlytVPdjhk,0
568GG86cXayfMexiTj4TVI,6
02PiwfcW4LuKxhDi3JfH01,33
53AJtyJDf0TPSOwupbmUBU,0
1s9ygcnJtsMHOT9K0nPJcT,0
4CMvnniv6XApDc7a4q58AR,0
1RTvfARVlo7MdZln3xDamz,0
2h9Kg1G7OgwCAXXXQJTgNG,0
390nm0YPbjdHpc4W1IuVxv,1
7zOCMKp74Lq7ZSNn0FeWpL,0
3YkDAJzJOJYhxDS4gmbCTt,22
1I8BspBUrchyg86PnoLlmZ,1
7wWVVqKUGRZPqUzGjWAp5h,30
5NiuxHp2iXSwj0iaQU7TpH,12
38hXTl0Gf7pXePh6yzl0hB,0
6slWXdM88rTAjUzHWTtQ2c,0
5LkDB9lIuOGXVTk05JTHpN,38
4XIHYtBd68k2PnZ6Xgk2Aq,19
5EzhXp477P8SWez7P6fLyK,12
7xVnQFDt085yNhv5XIO6vJ,0
29001B0WDgcbUjEdoVc882,5
3Gbo1FC1a8NRiDytBcoixe,0
3GQoCeZqEjRwyXwwNe1IxK,0
5kB9qdehfPGdFOJ6LQJJ3J,0
5yp5m9bCJoUANiUmArFBXh,0
0genv3YPSq1hsZhB2Xw9f3,28
0PyTZ0SfwhOTyVqmOqbh6D,0
7oeNKpblHShAKi4l6vqfac,0
08RUjzuMD6J0d6Ds41kqDm,0
3LowDc4brXEfZaUTBXLMnK,21
155bMlpaiWnF75uLrE4XMG,35
2GXOmuU3kApsq2TWqOU5Bm,3
4SlCYFaUQ8GRuwdpgniaGF,49
3YRCgAw6nq0qcPpGOb3FZk,26
0OpfRbSog1yotyMpFVX6K9,11
1lEtudJvZNiibWzXc5m4mh,14
45Zx6DyqGKKmvfxfzRUtKl,44
2Nyg5XSFpb221DZzgNZrJP,26
5vckEy9NZ6kirDU4UX4bVl,24
1IoA7fqXfbjndYJTdrQLZn,43
1DKpx64P3UmTwJt6gsAPcr,15
0CNObSo2AxRZS47CGz755m,21
0Ni4MKSGgvn0IGdnF4upti,24
736yu2jFYlDQne9qmRmKEL,14
3jBCTvWRsLVgzryMaPJKhw,0
68QO86hdhtkxPy17bEKnT0,0
27NMijOsYBVeU4RTQoCfE4,0
7o9JaNnV1J9EdTPmWdrXbf,23
5gGr2RvBtngp6dFgshVbl2,28
30WA089D8w9er3HlfpBOyk,42
3hwl1Cum23MWL62FykUifP,0
1xckSK2WNEi1PiHo2EQsUh,32
1c4I73mPr8y6jSmvhfvuZG,0
0FExsZBvtolbgULSsgS9PT,0
7BpYNI9XnablrLe83A1UEM,29
4QE7rcOeNErdz87pgSZ823,29
6xPqAPvg2wCGyZVh0eT59I,25
2xbRwcylUnX881qaqf5ZZJ,43
60QoePs4iQCs2aCZm96ew2,0
4NCNS1hUY29Iy2o7qKpGBG,15
0thLaeBSY189MLfmHTIy35,0
0D9z6DQ7UBnp7sPv3y3cgV,23
3HY5ONrRlIXv74EiVRZsfA,0
0H3NcINi4I8Cd87FO5OUtq,16
4PQg6FbToTzRnN9pgxf9B9,0
7qZOnik9K8Mv987ccBjwwj,55
2YbACStJhKuOkNVC1P1Fbu,13
5HVwqVhlNlSB03xEaotQIv,16
4gPw3HZ18KN0UOniw4UEm3,0
0fPa0oRK8DsQDvcLijT3Tr,33
1RvDsjCBDTES3lPiEGNNMY,36
5Gi8lLH3edcexP99srU1Nl,45
3On0xk67ckVLs1qEpTF8mY,48
7HLURuk2BoDmrMb7C2y58y,26
5iFCdVNg0X6ElfYAsd7RiE,0
55Tom2dk5sMx1UTJPiTUbX,27
223EftuwZfEBE6v2TnMrOl,24
7deNOgcnSseExDbh0rKbeZ,35
2ce4J8eyrjLRCQlmEx7qRL,36
3zECQWhwAEydeK9jUTPamo,45
09pW7wXspkEkd8gjE93prk,38
6t3p46iojKrsOln9fazd23,42
4S4ALVSVFI64Hr5UWuU6Gk,0
2mRfXNIIxzNfj8X5syN6HM,28
4IMyXN5fxdQib60dcLBwza,32
2eGjOUaoGtr0BwD9Uw6sCl,12
5KynMaqeCsWwdDSZC2wKBr,3
1ciGnQtZdjgcTdQXly2h0j,18
6JL4CTixFj9Dfb5Uu29fzr,31
7wxeGWvf8HNuUeK4k06mOr,44
6G7zxqKAXgLtjQS7FZeCxI,48
627xNKrkXJw0L3JKUpJMb1,0
3j3IkPaaXSA9PBH5cOifBr,0
4OX6I7otVz7ANxPh6uCG9B,1
2Oeole5pAKtYMlnYRjfFEE,10
3tY1n1adJXpLfmbaatXgxR,1
0fjjBq3yZ16Z441IL5o2oX,0
0tJe4R0XWgBgRTvK6QzEbI,0
60rm5quLJ5mwjJXjAHKB9c,16
3QUvdcJW4rQlONh5wJdjJ9,0
0B8tteaC3h0B5EkeA4BAWN,24
5o8yGG79KJmYU9b0plQpuV,12
4Rerys3ORouNFth0SnLk93,0
6Jnj2k2gSJyttJeJO4YNYR,0
2E7O8F8P1i9WpbwVImSje8,6
6mxVX85uHiirpiJBlPpsuf,0
077sDUgBHgJyIrdaFUSsnF,0
2vWwX9cUWIdd0UssgQbPjB,0
0SxLNLd6cdkvmFNBp5h3DH,0
4FQLFV3WSz87vAtUY3Slgm,0
3pJYak30qZb4XpyqARrHuM,25
2mUmIojqLpULQ4FoCsKngI,0
4UIUaKFABiomFavFdKOwMb,38
3vELhVhupyK4gK9EJ9FYkB,0
5T5faJAod1bFzvZuVPHm5V,0
5hw37TaGIYgzoojkxo16yz,12
3VzTYgGGaFVgCtQiUEcLcR,7
7kBwtHbEDO6EoQZDX6OG0m,1
4z4Jk3Gh6PrHAuQP9gqnqH,0
0EEQfPYM2j5D9P0AespIu1,0
4A4lEbSTkiEt0wEF4NTyhQ,0
4s3apmZwNTzkVG2zmzsIxj,7
0UyHekA1GIqvybbrb35tnR,0
1euEMWtuw87OGTPcHkqjAK,24
0UWTfRjliDN9O3TY2FpLsU,1
7oCEakH5WvsPLIwS5eFXJE,16
4sEXK3U9mnEPNzj2MFQWGw,0
3mdq3ctJFihIdMWRxPwKyA,0
2IE1IjysAJ8KVvxFA9Xti5,4
65WiipZHHs9UEG0xsqXiTq,7
3dJyButNBDfrP4gTKqRQHj,25
38S8QaVo3RlmLU7cgfNT7B,0
6RZ8S59cqOUqrs2B2lUP8e,0
5deDWZeDHWfYk9xaq9ynh4,42
1SqHHN5Mqy13gHbDGjTaU7,46
7FJP35tUJ2121EJsFpU1Gh,1
2OHm2DXoXyzbpdUPjvU52p,0
2z7jgiPYYpJN2jkwcFzg3F,0
3lJGbK6EnrCQ1MDKUSQ8Xt,0
47KiaK2bCRWRpnJu8KuQQn,29
3l7Yohww7OK3rZ8cqRVm7f,0
34NNeV9jfgNgaALgUr0u9V,2
0QHnxQsdunrlmduVLPQCNy,32
1uL4Nj0JRsIt0EibpO4Zx1,0
5Cz9OSlx0QqH0U2GZy245C,22
5YHmAO5OSZqyvs0X9O3hEK,0
1xHryy1j3leJS0gZrDPzbC,0
7vhOZ7D4z03Y0tYkxFAG15,0
7q80FRFj4EZITbHS51m1OG,0
659GvtusWLsVpexFw4Jc3E,0
6rK8YLvFotZ78rb9m6MeqE,0
1JE8jVRbEMG8ANRnc5of4f,0
5PwCuqzezD4a7mfxMNwk86,0
4MgHuBKdGuS4QUTb7HvPRG,0
0FigU3fBZd8gtBYR3XUx5e,0
51N3PusY92uUZr75v9JrCo,0
4xRxj8myDxZb85dMeCQGWV,48
2vNakF5RMvfDqZ8Xsqb5Hi,0
3oQ24bk8nOlDorA3tcrz3a,0
2M3DRhgXDevH33FvVptcAQ,0
4M5m5Wud1IFsxTCL9yK0Qo,0
4bwzssgMDOz3nfxkpSqTj8,0
6WQLkih8nE0JdUCEyLaGnQ,1
1f2KFoYjUw5CxWxzFKqjEh,0
5qM61pJDpUnVDjrSOkaouT,0
1jMGBAamZucPmJYHmriGP5,40
1sesMhxAfFULBsdoX4DZar,23
2k34QJPGUuhzHA6p6eATLY,0
2bNrvWD9d5Zn9tS8XvcaMk,2
3wDdU9Cu6o5jv4PQT1NKab,0
3HMB8EGoXJFYG9uFKTlpaK,0
0h1UKhueXm1YFLpQjzwv0E,0
7IvHLBFvLKLvgp9ayEGxGl,0
1mCbwXkHJ3baG5VR9cY4TP,0
3bXptsvAsA4gLaaRKMHsr0,33
3lZejaU61HRQquCWD3skAF,13
7F3XiVyHhM6xKiKjHDnBN8,0
5bw3ANysdLNdRl8wZfunVp,0
1aiH3mHJ2lEMp9Zbb95pQy,0
04pjfS3YIK6gXjxi1zHeZa,0
0LigJnwiA8OXeDp5qEDlTc,0
0gv9o9mPK1JQeZd3eMFdTa,38
7iEFN1AkZ4ovr0f6iY1dzf,21
2RBq5Dl68WQXwWNpP77FQY,39
3fRLC1A5JiWESTBaPULjrM,13
6ICtjZyqSTXxAMIu9QN63h,0
0BSMXj51hoSOvlEVN9cEBG,11
6c0i4gSQ0Ia5VBPRhTH6CG,0
1zYEiDj8G6uM9hGlXIzPBT,0
6teNGJXM3cwa3saa4rOQjJ,0
6TjQVyjF5U92oHez0ZOfoy,15
4KvPvz7bxMRqWeoIMFLSs3,0
0jgh0AwFawsaiuTOiWDzfS,0
2aOlxywgl4nCD4Xh2mLWM7,38
6ii7kTrjostB8G21X9S6P0,0
5TMj0yDrljJSgrYETNNQe0,0
1o4XQ7tYJrDxgEpJufbOI8,0
2tV2dapyrHKjxEMCo617SK,0
1Gzv0cMy3xm7sgN5gd7WkU,1
06EYeMQY1wmjHfMr3mDT0M,22
3sz8Gn0fOmXmyXOaPSWBJ9,0
0GclHr7syAMExjnGx4iulK,31
3AsUkHdWdQWjT2FgEe8nzY,8
5E9QTD8vk09mHUgpj8MCIt,41
7B109wzCWzXI5LFvjXWie1,0
1VBhtwJ9r2YXh9v8pYVLcX,11
5ia8zI79tPw0cCScLvdqlT,0
10qPhu2ekexZziM2uztYL4,0
3DrpjC4kNA6grBq0xQxo0O,35
2howvzFOQExWLRPIi5TAcn,23
5kC6r4q71XMzsuLAYesseb,30
214tNSr4epshNjQ6W2PTLg,44
56fwHfJaBpaauvFJrnwk2L,1
5h8kYK5Mk1bWWqEGbmooXq,0
48n92l7OnLEURhalUBtsl7,50
1bcmUeuwk0M56omq9jwVph,0
0qTw7kEFpNdECY7jRCg54v,0
3tG9UOEUNKChTsgxw92P1q,0
2MlcK8OgC5IpQz3l093YSR,3
3SyV3b5lqDmXpuhY9Sk5Na,0
6Q1yOFqLNtw5vCDwzEW9QK,18
4abUFnHLBPsJBsZbUcqnM9,0
5adsxIYZbvEY35mgziLrAI,0
1JI1aWSSzl56FP4dxAsB4M,23
02xvKMRd0aPdpBuAegubmu,0
39qhip6s8ha3ed1jRsQV83,0
2pv6ex8xA9n3hxS9kpjllz,0
2TKhGsXRS9TCealgpov1jA,0
0DkF3I1KiN9wcsNw927f7i,0
0U4rKU7s96KCaV4IPYXhZR,0
1jf4zm3rN0CtpHED3g8umw,22
0gWnYmIWu9DgEo6Ga8f55L,0
4pWrCoHjlEnxoji68pcLwx,0
2A84tPyVzgEzRseHmxIBSt,14
4DIdJkGctTM9v5tM4oit4I,0
4osxePfXPhLLm1wlKs79Nw,20
3ITHcxjUq3Yjwbw5k3aITO,18
6mQyfwQNWhZ4gjlbctR5yk,0
3woj0u3RCvpDlvHLuUhoWr,9
4x0cvchv700bFYi04xWOBM,17
0hv6ku4431kPrjbpBBspw3,0
2pBXrE9QrM1p6gsTHYAJ0l,27
0XdC2dBoSx4eWLI1EsZKSx,0
19m9hCeDe1XXB4NLtUrctp,28
0DRi5kNH72KpXeMtODcyzg,0
1iWRXnyOl3e4ceElhtfvMw,21
07QhYDCvAIdgI7kvTlJDmP,0
0363w3IUcO4cJMsAFLpfLY,0
3Q0kEYK8JiW5T3cMAPGkLX,0
4eUMbFJ6l8UogwBENovA4v,36
5ITn6PS4RODpPjl75qMG1w,46
5o84LEb5HomrkUXZPrQJJH,9
1oEgqFagcGV8LiIkA69FzD,0
7mOmdEZknZV7MntDV8CsmV,0
44LE4kc6cRdF2WErMZwqho,0
76Hg3cHgtpIXBKxkKVpV8w,15
53ROeduQXgL4UgemVlOSKY,0
2nAOuVJJnEybnWXDInqHNQ,0
2V8hOzH3gpk4LMq9uzmP11,0
1VWSVt3Q0nGbq2EHe2zJYJ,0
1KcqsSiBUEuOfbUfKoEAe1,0
03bF2V5oDkhYDrMY6m7ZLB,0
073fF1emyPimAvWLWbHSpY,0
5El7gaStnnjFyaGKCoYLDV,0
7ADbma50v1csIQh2BLRBB4,0
4cvT5uUYf5nUw89ZsWQDKF,13
5sNRVofGC9O0CJ7xwY2Nhj,0
4rEo5xKsqQnWZgwyyqVKx7,0
5r5fT6jiJ967oxQ0qne9Hs,0
44zgYsGJnQU0WBcnB0xTP4,0
7hfOe922SDFchmKfNPjle8,14
7yklZhCvqV4mWhaWv89hEO,29
6zlOUIqcU6juXFww9UNpJK,0
1nelcMvCBAtZnqXVrnNRfx,0
52NDiMzHuel7dLzcUqcmJd,0
1z4ZdqOuR8kZ1Jal0liDI8,0
1O840vvSstAc1wE6UJyCpY,0
6gLyXTMoAlpP78leL1rK8r,0
1IIYOuxT9djbArUWP1yE1a,4
2vwSLlS9YDk1rlbkbImV55,0
7aA3CTUcPispigxyP9IfmC,0
2GHNZvjA57wLRl4FVk0MhS,0
4YadTW1sjIjzBjSgbLosqf,0
5XmZRv1A4Xxuo4xGCu06TX,0
0KxJEnQCG2hiHDTRcD70Sp,0
3vVmMB8vMoBT0fSOMLFnML,0
4dzGb1o0RHNzE3omFM6PE1,0
5jR3S5U8KlA2zpEL3JEHeI,0
5TI17jAZKsveeYm36bxqK5,0
5eaH3RdmqBfaSQl3NSBywF,0
6PTgK9WsthhdyYB1gynwZw,0
60TXjTTQ259QPWp05OaUT7,0
4NbiNrxg4CJkrNoLVPK9G3,0
0QRtHMmmxjbO9TZhH3xZXB,0
4kdUKo9pBPB7a0agGRpPxa,10
5l6NORdsKfgnrS9r2GLtTC,0
5we20HGQuDFTnpmOtawm96,3
4p6f1OTeGSJZwva6HrhQka,28
0c8W8aqdrtM67F3JVIt593,25
6gryRHxijWXqeRxchge5mP,30
2rY8KKXTr9XOMn0IdpBBXm,33
02rbSCTm2smTIZ6d8im2NP,0
0xARbGHzPT1o5t1sFlmyO2,30
03cHvWSHWQ6zRNFMes0OdZ,16
3mcHiEuXRSUOH5eHToudmf,11
16MCjtjOSAnWAAAmQWHP9u,25
5Mq7ntOR1DsoLiBzunBqHp,0
3OXayQUy48DyW1ORUVPpoN,24
7AkLPOwjju8taQCJCaIUts,45
2G9GW71xBmdMxu3jJhnsx8,17
3ydQm9YPQIbmU3nA0FYdjB,29
64HZT0nzA6APXOQ6QONAcn,0
1KsWS1hACIVyT3PeluqkAt,29
6ZvLKwgPKlyZtDPkTWjPI7,54
7IMGshuSNOXHgmboboPpIH,0
5CXmbqFE0mRXOYXgEze8q3,33
3OqotgIbr6T2z37np0Lekw,45
2vMeBPjULSBy2kY2f9ocAj,0
2UkF0EWfh0T90ScJzGqnD1,43
1D3tgMuJxzaZJMJs8yFVYJ,39
0XBpFhAb7DokSAhDvCBNY4,6
2tj2FgND5n87iwEanu3Dgz,0
0CALOqrkXAE7WB2nyIATLk,53
5pHzIjrVsV1GG3E1G0fsWU,48
4OmDYC629aN4NCQvNcds0F,21
6179WQbZYf2WXoVne3mN6d,36
7hpLakYYXNIKX4BGOLlq8R,2
1s2Jslxb8YB2ebugfbD631,0
4WWa4Po5YCEN23DbFzML6M,0
7Ipab56QLTyTR54rzQCJLr,33
668NhiA8niPV6w0K1W5WaE,16
3ViJYmiobUr5ozBHHcpzbF,0
6DZXAEPQgwEHiyqG2QlsaY,24
4ByNgxRB6LdIdNcN594U4Q,0
3JL4kpklmz9j3B3NtjCZ2f,23
20gJD9mjmNzzN5XJDkvmx9,0
0eqJ0Ok26iVYMV5K7m521l,25
5fzyM6jVif4SRcXpdX6mAJ,0
5tjpOTsbVVbqWRQuymGnuy,34
0hK0PTJdd4Jx6Ryl4t8jTi,0
73nYqSz1U08iCWfdnG65KV,10
3T2ibiKCatzkbTnn3hOyyQ,24
3Eemi4XR3hqNP4JnIV35Ca,42
3CoDXg77Rae8RnbAwdoZGj,0
3YNZMYYdzaza8D2xd2ITFo,0
7iX7BLRvcGapruG497Ifok,5
1ZLrDPgR7mvuTco3rQK8Pk,69
4GNpppEamtcqG6QkxfI9f9,29
48y5EhZ4SFAgvbKObVDAkq,25
5puKxbSkahwtI2XJR1xZgr,0
421u5fmNyPTDlNLVexADzR,20
2GaCZk6EZBMv2H54GbUUMm,0
3c3jHaaXfXrG9U9gPVbvVf,13
2AfuxEVaFCXkA3lcVpldLi,8
0lks2Kt9veMOFEAPN0fsqN,73
2eTvRNPaHrW4lRuFaPiVSp,28
5WzGODvJyAvXhMlWLtjuAZ,25
4IX1kKhFaxBhefHmTNfsKl,6
3YMYDQC1hXJGKn84zik5ih,10
1RP57IhDU2nBu8x2mjqFQi,24
5izNXaLW3Hs1gOpKjPiKXU,0
474FoNvLOHk9ZTAs1Vd3Qu,26
48Z0RW61tZ8O4jNG6jbGr4,0
13opctvyVx5lDygtSuEk5j,0
1admxCJQrEkYxmjhI0JNmc,5
05520pV0mf7miCgs08FB2f,13
5vhtS62N7gbH3JPLoD3CoE,9
7s2cyPaTwekqLO8taEjm3Y,11
1a0AwW12F6WA801CHA7zSD,31
1VLzca7LUFQxYAgEVlGeUa,22
33qlBuVjeSlvQ4KNzvG9ai,31
3CuE0SXDnJJbEsIt4Xijsn,0
2ndGRiIuKMco4lBjGasFIm,0
7thOGpKaWpPotq2U37UItx,25
2W1knj3iRxpbcC2A5kstO2,0
1sAeeixUOmFYXr5KyrUHkk,0
29kl2eX6jqxcYrnIGCWdVK,25
1ZpyIjwjGyW6Pt5NrQ0f1w,0
7yEM9hYRsw9R3pJB5W0gxb,35
7lCGnFM1DoRZ2QE3rN1Cbz,0
6wfjoWlHmqcMIVOCWZsO2P,34
6fsth2hSW6LxzY7kbWV9Hj,43
6VhUSZi0GZQ3k1k6NsL021,6
5wHwJ5dblqSjmtbzxWMDdk,5
2YvcZ3xSlSLFEuDLybGzDb,33
1cN45YtJost0rjvbseomXj,30
2dbLCOrqUtJz4mBS9pBtlj,0
2eN2ujxIAg5P0t2jkLs75P,0
45cOIUfSBmCvDBofEFO4e7,0
7qbTB6m4Wn7CUIM6LzVMYm,2
3EuU1VWTQsxlXttEFvif0C,52
7JMUHcnjYWMGez9qWsgoQc,5
4TuCQk6OCGV7QBoLCvPPMP,16
735f5J0cA4VqAyxmsARit0,33
2Fgo49RzWsVWKcwAksPWq8,0
0F2BxpbxH8Yc3pLub48hrb,65
6cmB6yRCh5EEUYBzcMBuBo,0
7ADRwGz1ZXJxxNw95c9QmY,16
5UHrKSQhNs96msAx8LPVwS,33
1SL46UcYU8sNRc2l8LnmLj,14
6lBQ0SMCrJ7zy1LSCuXqwV,55
0F6USh8W26YVt1TqnTllsg,0
0sfbunyd3a7IFoWwEt8dsk,36
4KStl2JWlATZdJo8tq0jha,0
3TSZpRzSEKL1dFfpd1JDoF,0
18OpvvtLEpuzr0JnJKZn7n,0
7DP18u679fMurjsUxuxMHu,32
7u04ap1LQoHVJ5N1zs8CRE,31
0KxuPS6MrXG6bDoExnIWeP,0
1iaLcGW8ffLMPFSLSGn0Zs,0
4qIF5fVTqtk3zPJsTYzdoY,0
44WZ7uXkOKHqzlpLtI6aXK,0
66bK3z2IYq1kbTCJfbAEV7,21
2fLWmdXAsuSqP47r6o4XWq,0
55W0OK839Xyi1UUAZHu4xf,0
1r1AGkq5U0pBBcL9WUqkAh,0
7jvrBivTkVKjaoH25guz6n,32
0GnSNtOfVCCQ5Wx9rzlWYV,35
6aQ2Xtx7z1p2VM9w26yCZq,49
7cVaJvsIIcgzSdH204p2CX,48
5OSFQAg6m5fZ5yz8lsFZ8J,0
1dDDVfAfms7M6VLLKmubaJ,43
1SlmnBIvGymszbbmeLYLvV,33
2upg54yj5PG52W5igIxspp,0
03L9G5TQGdhASEknspRIZQ,39
2kXMblGQJeCftyyKE9GVse,25
2OdLrcZ1zPHH9AlTHSw08X,1
6SpzsmwOzr3oSCSF294IiM,0
7IeToAFdsweLo2N5PyCJJC,0
2htGDZY4JRHZ7O9KMY9U7p,0
5XIFByQ50iYfQF1gstwnwt,3
6WGOAPBw5aYU1bnWffylQ1,14
7Be0ZZbeOUQfG2b6pLyQUV,8
56bwNSNRgEJ3yqGTxCwOHW,4
3r8WRUAGgr8EWwPGZTS2mS,0
4akREaR0fzZso8pHluNH8B,0
4fn37OnnjJJyPtyfao9mrG,0
7mBJbhptDV7z8KhPvsAoIN,0
2x9tFmRL8IN13vdd94vAuJ,0
0R10qG8DbUzP9f5QUOeXZj,2
2InL0GVfxSzTR93NyOuylt,0
0TEuJon0LyQptF3BXZrUeM,0
4L3n3wyBeslJGbqrNJ6JGI,0
3DIcXYEOAfgnJlGPGsYA34,0
4wmw8hgxfQcRJhFnTD8OGd,0
3RdJqP0CsZ35JZ6Fb8AYQI,0
52m0EtbKTIDjtEoGD4D88Z,7
6uKkKnfsRbmkVJdp93otsb,2
2czCTyScAg2eKy7Z6b5lDb,18
5LmQOpIkFAqhmSnbNurlT7,0
3mUaK4YprB5ZybyQm8fIjC,0
1hOGLXBL8HYD6ht08f15C5,1
5bBpofQENvGjfSqaDW1pPv,0
5UsfWcP6SThHlZ4oAgx7ge,0
0Ujdl5Aq2yWfaPGkN4It0N,0
4OuOFCgWF6yOVp4YDblxZe,23
5ypMnVLjhF2W3uEyGRh1Hj,0
3u4LCfOL7cux9Kt9YgDVXh,0
4CAfToI7igIFFmCzP8JxGl,0
3Z9c2ZPX73VO5wnbqbrz3j,0
0W4J30SIgmumL6msGMmra7,0
2IavT15tYiFl0WCHMJ8HUM,0
7GXeN4Kb8jOE4L7UNJym4Y,31
4hNpem2dzBgLGIaTydy0IE,0
4YvETidb5UQMsMRj2PCv56,34
1T67ADy3jpjwzB3lr5DNWS,1
0eGikLYSqzZm9irKomYrvU,26
3cQyLVeKUrCbNAYgwltd9X,22
3m78RKfiRjLsCVKvLuozix,24
0OVsfZj2JEiAYRmGOdJqnV,26
1RcHWZtoC3OuoF4bbHvTIJ,3
0Dxpx152ZrnjJds8MRZwnu,0
5zOjF3zyGCUkkFab5u0Xhn,0
208ue7CjSH9oGfsgA5AN06,10
3VIv7cwhrxDjwP7K34Peav,0
63IwltIKqdHUo7flqIoueC,0
7gGyryh46FgjCQgxG1fdUr,19
5eBj4lBOU7yeOTAi92VNk8,22
3deJ2HX9oLvUUZH0CEiKKd,26
6W9pAiVOxjJAqy1GcZ2N9w,8
0cp2XLX31L5CGEZDlD6tzJ,0
572GZR0RxFrZjpPXokLvXW,0
79UzFFBn4dFovvqh9bKanm,0
4wZ7ZLN0dtrNHs7S4yF5Lv,0
2r9ZmBqjkFqUolzZecWxDH,28
7LYNPr0TUrvYb1Tik5dnx8,0
1ZDsgX9YdeuFQ7hXflEuxp,22
6vBhadlx5nakGCwDENfCPw,30
0JRAhR0f4RyCVIyLOXa8Qn,0
4hWa3yGHOmjJ2pCWFkJsOY,1
3aPQD29x0lLozN9aDtpdnl,26
5mZwBDbaUUbtDrQ8QQePNt,0
4OLXKt8Xnqv3cyx5kTUi48,22
5pjHE9nvzhRZKsIK2yMzhj,0
7jTEQrKXaazC3CGQ4gI6xN,0
4TtxmfeohehULwapPlFTFt,0
4W5DfWLMQ6HE4nfUUDpiln,2
3hGzVKubZBIx0na8FYRBVY,32
11JeU7NFabWpBkfj5C9h8o,0
6lTxUkFSQfGodETUF2TwsC,0
1yOY12LfkzG9lHFlac2tub,0
5eTfWLWbdxT5lQTqzrxPbD,0
6w101FuwUOcarmoEnSHU0Q,0
6g6kytbKycDE4APQf70qJv,3
6nMcYSIgEHl2yYKzJL6oOA,0
5cUSEjsaftKWFy84nieB5G,0
3hufTfiut1kwcJthiMB7Wo,18
3IjPFAxYVyHgXhS5hG1eP5,2
5xBNEo5Js6oKqNH40UK2QW,21
2QBMxByChhXHhlzFLz58Ys,15
3FPrZmSXn1UCUe43SKfD33,1
2CA8b0deLhUNarunFuQSAA,0
1yMG008wSCUFil9EkD4gb3,11
6Zhi2PsqtsgeOF9eLV3Kyu,4
42bbEt24K8jGthUWogzIYU,0
4w765MV0uUcdxoGGPP2S51,0
6ySAkz3R1jotVu3sVWL9gy,35
0RRf9mjsGknc7ttUnRGcNN,0
3fUmyxoRIRuCZLvDfEvayY,39
3IOvs8528ie9laMQO4PLPD,22
3yLNmodRNL5N6zv1WZsYWt,15
3bHMaCVB1B2QE3fEdZtPf5,6
4pzNmzUIdCYYeO41p83lcO,2
3o18CwzxqZA4MdwFefxa9e,3
02MOUhZhy3fJIhS7Lsa9T8,2
1PdEfRDhQ0QNYjsK59tzRa,28
7kyAt9yOEaDNdjooDcqH7s,13
6JSE5UEjzwm0YgTIi4onh2,23
3JM0gMpEWNDAM41LKVlcjI,44
41Tq8pTGLb9em66b7nzbw8,29
5ODuuZcxTylUVQMAouDfin,19
2nriNWbiYgZdld4LmzRArS,3
5AkfmoNoWinVjylKXPzmwV,0
0r5GhNQJ3p91DNVmUSrPVx,17
6lMNMaq2OaE7UIQiBevauB,28
0hwzVvjK8e8haBOa9NWBfP,1
6fDcuibeZfxiIx6B4J49Ob,3
4LTvcJ6F1pdMVmVNR44mi1,5
17ssUlNujrxR8EJ1NzFJyV,9
66rEgkLMTnQNlH5wSrrIpW,3
4W39Tu6p5tOlcVnZAGudtM,15
7lAgvyKAwZycYsa6rsCw4p,0
1OUyhEwoJiByXl4Dgjtkux,2
1sPZvHLeyXyla6WHUAuF4C,3
0BXpGF6fx25lpl985KlJMD,0
2UJQmwF0yShE7pHcjSzX4X,33
4918TwZfPrxk8vKhuaqIiq,44
2bEjR5R9lkfBBOXlCOR45h,25
0aMs9TzfoK8n8nRxatnNkQ,19
1lT8uIO3GSuVdchXg0nuvj,4
6LNAf850QNFEThYE1gptdK,13
1JEwN9kxIBSw1DCQVVXzuT,14
55dTpNSiKqfv2WyVsn4YFF,0
4irzcL9aMykhZQacLqdR3b,17
3xmJo7JydhDml7GAS9YTcN,34
5Uj0VnayJKOuP9GmmDPNOx,50
4gsmKBuKH7VtrJMvWIXcVa,20
0KmJ45CPuHMQpNMY42xDUl,0
3e7xi9jYEMLA0gtW3BFQ89,5
0YMLzI4xQalfPFnOa6L7cd,13
4UAFXVMDfxnAQhoeWq4EXB,2
40Rm4Sb8MRNDX9TP5t16ig,19
6XJFODHgcXnDw4E0gV2UnF,11
1l2CgNscOXzgIGaPMl5vUB,7
1dConnNaFCvFquonGqWCs0,0
4JlwKFHsi0UXCKhTRbPaNY,4
5qIzTkMpgEFfvkDdr9zJzg,20
1xkYYQmULZ6bjPyud9C3DD,0
4JztLBZ0akJEYoc93RYmFE,0
2wKFW79tW7jtg7Ck1z7Wkc,6
1iSDUrzhWu3Sq51zbwyO4d,21
7ev4W0KmVCkY44MHlw9Nu2,0
34vUTgWAkkYbs5WjA9uuXe,22
4VOBKFxkbOU3rV0IsAWpqe,0
6ifIqBnnAthTV7PfhZftJq,3
7DXXu7OsYGe6Ulq2eoIYzC,0
5MPiqRXQrJnG7h0bZGgcce,12
00qD738Xl0NABc3G45x1Bk,0
2HPnCgzEGXghc3o1Puaofb,6
11eZcwcvI7xWKVIRwopBpB,13
5BOCqugSKgOkLBpzrGIkBz,0
7mTEz9ySH66MzPW0Hf1czc,9
02jMxwINWxL7DJGU5Z8pDK,0
0g1PeFbTUlMVnFTTlMSRCQ,0
37gl0hLcFHMVKCLe9gn36a,22
3d9JucRI60arArgQXqtfjJ,0
352zfYbDFG8sxkmOAhVeuj,7
2B8eAzF1rlTOLynq5zgXsG,0
4QRZirU4s1f30iDHzuKncj,48
6NdkzOSCLzmyV9Qc4DKhJ2,45
6ZnVDTG0j7uod6iEwf5nF8,37
2NwDFXgDujx1ipYaKsyXn5,9
0SKDPFbwzzai7lBD5gwSns,0
7E9xmo9abD2odYLbiCRmOU,0
4aBDS6611oBs5LBiVMuQmh,43
4HzI9Nb85FESn9V4cVn6iL,23
1h7LBCgfnSUEe7qXRbwMIp,35
5NARCwodmWYJk1o9S7BLYs,0
4T77iXUxETQmjyxMkuCSTr,36
3yM0SFHZEkQ56nVEWYQGee,45
1hEFUwIQJBjPl0BFm6I1c2,13
0aZ4vyAeoDqsP0zNEECrx6,0
1jvT3CCQpyysWB1JcqZwSi,37
1NtVWYw9QDr30Ei0phACni,0
454ZIylnCq09ONjQE4EJ6a,14
3Yzcwfm3sEQaaa3ENFC18h,0
7c62jZO67cCV5MpVBgUd8A,0
6oP02i1hRc3Qp9bd36Ya3Z,0
5AT7E0WMXXuFefofpgAZgC,0
3qC3qmZNDXu62hc8YbhWsy,0
6SLqAWFmEBEyjU4QIuEIsc,21
4yLOB87ABVGslKVNRq3qPl,15
0mi5cf02qavhOSAXiF8LwH,1
6GVtybBya8EzI4rC9P7FQM,18
7b71WsDLb8gG0cSyDTFAEW,18
5hxQjeuA2LfTtJ4WiJ0Ec9,0
5cxVSooSqpQ1IbVcC1nNT4,0
7b1PjPllWjaa0gz8gQq62j,7
331dTBEyQyaELx3zSS2BID,0
1VMTt3gjqQVQfSS4oEaPRH,0
6Ilj7C4daCLIoT7swUqfSU,23
3xIzx3ODHMCgITGU9CfOTK,18
2QR08Otsqnpo8dTv2ekNAk,0
7zXzWCVuz7whIuYZyEAlxt,0
1D61Uu7CQTMieF7Yhmt5dw,0
5SMYN4lHZduUD8SQ0TEHj2,0
5yl2YyDgcpERTZoZHD9Etl,0
4yQpMgnJSWXdjrZr8B8XZz,0
3Gwq0zKnMWluOEPKh93BeC,49
7vUvwzUlzQMyV4iGUgqvoT,0
4tQMd2go7qhp914CTHKdql,0
7fzNBlEWWRQIJrUZ1KaEwH,13
1Ca2ELRlvACAeI7xz9c9jR,0
7i51Ls4iZD9NcmPhVpIoKJ,1
0ZAPuWOQiiY0nGbLPlozT8,0
353JGhRW6ahVU3DpCxOjqW,12
73ExUbskoIkjU0llIwsSzu,0
5sYzg83Vy4IW4TfE9jwk8g,0
7eVZbb7YlUopOeuiyRcJ7Z,0
6h9xi8i9zVOXk5FqGqcBNH,41
5dpKnqLjEbInIS8aEvInpQ,0
2OgOeXUb4bIXE4vGDVDaRO,28
3tBHQJmuE0BOKR7l4Anap5,0
3H585qZxWJVpCIcvc0XhEP,0
4BwaVpGVeCBh8qeQ1hk2my,14
3fgNmvYq0QU5aFHDUMa4cm,0
00UpV14MDfk4CvrMbFvqji,0
0coMLoVcagZPGF5zxc5RF8,0
3zKST4nk4QJE77oLjUZ0Ng,4
2EpS5TgdngSISM63rhBsnK,0
1EavLSmwRWtmkKEmlCfFzT,41
0aBDrRTgDCwWbcOnEIp7DJ,0
7bxnKAamR3snQ1VGLuVfC1,36
5Aevni09Em4575077nkWHz,19
7ImMqPP3Q1yfUHvsdn7wEo,14
2m69mhnfQ1Oq6lGtXuYhgX,0
29zWqhca3zt5NsckZqDf6c,0
